[
  {
    "username": "bbcnews",
    "website": "https://bbc.in/NewsInsta",
    "name": "BBC News",
    "biography": "For the stories that matter to you - \ntap this link \ud83d\udc47",
    "followers_count": 23771811,
    "media_count": 9990,
    "profile_picture_url": "https://scontent.fist4-1.fna.fbcdn.net/v/t51.2885-15/279194265_1225562787851291_421015066446466119_n.jpg?_nc_cat=1&ccb=1-7&_nc_sid=86c713&_nc_ohc=TSGt3mMF_6YAX_qxDst&_nc_ht=scontent.fist4-1.fna&edm=AL-3X8kEAAAA&oh=00_AfCoW62GFTn_7NrKGYfd8YmRJY2i3penY0_uokuuttjVRQ&oe=638FCB7C",
    "id": "17841400681780254"
  },
  {
    "username": "gtuedutr",
    "website": "http://www.gtu.edu.tr/",
    "name": "Gebze Teknik \u00dcniversitesi",
    "biography": "Fikrin harekete d\u00f6n\u00fc\u015ft\u00fc\u011f\u00fc teknoloji ve inovasyon merkezi. \u00dcniversitemizin Resmi Hesab\u0131d\u0131r.",
    "followers_count": 10491,
    "media_count": 847,
    "profile_picture_url": "https://scontent.fist4-1.fna.fbcdn.net/v/t51.2885-15/191545960_2655886961376358_2147268091702882228_n.jpg?_nc_cat=106&ccb=1-7&_nc_sid=86c713&_nc_ohc=7ZgL_KT9fswAX_5s6Li&_nc_ht=scontent.fist4-1.fna&edm=AL-3X8kEAAAA&oh=00_AfByQr5PCB9o6Kl9h9RPAJJJOhUqOWqUW7FtZgOiXlYtyw&oe=6390C555",
    "id": "17841402281237230"
  },
  {
    "username": "nusr_et",
    "website": "http://saltbaemeats.com/",
    "name": "Nusr_et#Saltbae",
    "biography": "For business opportunities: nusret.gokce@outlook.com / Nothing is impossible\ud83d\udd2a",
    "followers_count": 49460254,
    "media_count": 2392,
    "profile_picture_url": "https://scontent.fist4-1.fna.fbcdn.net/v/t51.2885-15/16789993_618066745053959_6508216922050396160_a.jpg?_nc_cat=1&ccb=1-7&_nc_sid=86c713&_nc_ohc=xQUEUD-k-bUAX-xACG_&_nc_ht=scontent.fist4-1.fna&edm=AL-3X8kEAAAA&oh=00_AfBJpLOpUe_eXbE8HGno5lM1MFkYmUMfIoSkA8Dxj6lULg&oe=6390392E",
    "id": "17841401563065479"
  },
  {
    "username": "cznburak",
    "website": "https://youtu.be/z3lg3infE3k",
    "name": "Burak O\u0308zdemir",
    "biography": "En g\u00fczel ba\u011f sevgidir\ud83e\udd17\u2764\ufe0f\n-Love is the greatest bond\u2764\ufe0f\ud83e\udd17\nCzn Burak \u0130le \u0130lgili Her \u015eey Yeni Video Link\ud83d\udc47",
    "followers_count": 41650121,
    "media_count": 1852,
    "profile_picture_url": "https://scontent.fist4-1.fna.fbcdn.net/v/t51.2885-15/81453976_1186213021709902_1933206423932502016_n.jpg?_nc_cat=1&ccb=1-7&_nc_sid=86c713&_nc_ohc=ZUJLFUUqDwUAX_Ecrep&_nc_ht=scontent.fist4-1.fna&edm=AL-3X8kEAAAA&oh=00_AfBfKZqg6ThN3BibNuB_QbUrZ5AnjQnE57bM_P1U3kpRIA&oe=638F701A",
    "id": "17841400344914749"
  },
  {
    "username": "handemiyy",
    "name": "Hande Erc\u0327el",
    "biography": "\ud83e\udd8b\n@idiletisim",
    "followers_count": 29232454,
    "media_count": 588,
    "profile_picture_url": "https://scontent.fist4-1.fna.fbcdn.net/v/t51.2885-15/11189427_446491748846401_1743130198_a.jpg?_nc_cat=1&ccb=1-7&_nc_sid=86c713&_nc_ohc=f-ae47C5UdAAX_AoKeS&_nc_ht=scontent.fist4-1.fna&edm=AL-3X8kEAAAA&oh=00_AfDw6i_7wuVGa22Y1hXJ1RWnYPRMBJVrXNNKHGuTlht_Dw&oe=638F8563",
    "id": "17841401201473955"
  },
  {
    "username": "hakkiakdenizz",
    "website": "http://hakkiakdeniz.com/",
    "name": "hakki akdeniz",
    "biography": "Living through giving\ud83d\udd11\ud83d\udd10\nBe kind For No Reason!\nDon\u2019t give To Get,\nStay humble and always be grateful for what you have\ud83d\ude4f \n@championpizza @hakkis",
    "followers_count": 28417448,
    "media_count": 422,
    "profile_picture_url": "https://scontent.fist4-1.fna.fbcdn.net/v/t51.2885-15/130332322_307934747094047_6180703764531967498_n.jpg?_nc_cat=105&ccb=1-7&_nc_sid=86c713&_nc_ohc=ZCCx56xa8pwAX8pYSQC&_nc_ht=scontent.fist4-1.fna&edm=AL-3X8kEAAAA&oh=00_AfC4rL19WTQBD4P8k0mNWkqAfa1mqP8eViigISWnoNYu7A&oe=638F6CB0",
    "id": "17841403797773760"
  },
  {
    "username": "m10_official",
    "website": "https://linktr.ee/ConcavexMesutOzil",
    "name": "Mesut O\u0308zil",
    "biography": "Football Player @ibfk2014 \u26bd\ufe0f | \ud83c\udfae @m10_esports",
    "followers_count": 24258547,
    "media_count": 1587,
    "profile_picture_url": "https://scontent.fist4-1.fna.fbcdn.net/v/t51.2885-15/297169307_734081157668391_8618128372817371959_n.jpg?_nc_cat=1&ccb=1-7&_nc_sid=86c713&_nc_ohc=zueCH8W2d-4AX_Ze86F&_nc_ht=scontent.fist4-1.fna&edm=AL-3X8kEAAAA&oh=00_AfAsJj5BEuMHVMI78esaFwPYO0GKicILkymWVtHO_V3vAg&oe=6390828F",
    "id": "17841401388224677"
  },
  {
    "username": "burakozcivit",
    "name": "Burak O\u0308zc\u0327ivit",
    "biography": "Contact : mail@talhauslu.com",
    "followers_count": 22497494,
    "media_count": 448,
    "profile_picture_url": "https://scontent.fist4-1.fna.fbcdn.net/v/t51.2885-15/284069589_742454980122551_3813968269848304214_n.jpg?_nc_cat=1&ccb=1-7&_nc_sid=86c713&_nc_ohc=AAbUHBiKm8cAX_xuDrx&_nc_ht=scontent.fist4-1.fna&edm=AL-3X8kEAAAA&oh=00_AfCTe8maDfu5DeVB8ngco3pp5-8Hu2D7MlPjXgS62-FSuQ&oe=63907FA0",
    "id": "17841401803423136"
  },
  {
    "username": "cagritaner",
    "website": "https://ty.gl/n0dxr92d2o",
    "name": "C\u0327ag\u0306r\u0131 Taner",
    "biography": "Hu\u0308zu\u0308nlu\u0308 Bir Ponc\u0327ik ve Erkeklerin I\u0307c\u0327 Sesi kitaplar\u0131n\u0131n yazar\u0131.\ni\u015f birlikleri  i\u00e7in; @goygoynetworkinfo",
    "followers_count": 15838015,
    "media_count": 9875,
    "profile_picture_url": "https://scontent.fist4-1.fna.fbcdn.net/v/t51.2885-15/44244420_960589670791482_1912495017889366016_n.jpg?_nc_cat=1&ccb=1-7&_nc_sid=86c713&_nc_ohc=S3KD1miCxjoAX_Dkgin&_nc_ht=scontent.fist4-1.fna&edm=AL-3X8kEAAAA&oh=00_AfDxtIxIh8niNCtsm6GLDPEyvlbmksfOErArwrlo1Oh-Qg&oe=6390D1AB",
    "id": "17841400619524449"
  },
  {
    "username": "demetozdemir",
    "name": "Demet O\u0308zdemir",
    "biography": "Contact | @ontalent.tr",
    "followers_count": 15603874,
    "media_count": 912,
    "profile_picture_url": "https://scontent.fist4-1.fna.fbcdn.net/v/t51.2885-15/305074733_1646179545776226_3923340958640838197_n.jpg?_nc_cat=1&ccb=1-7&_nc_sid=86c713&_nc_ohc=WOaKbLFgPyoAX-AmFc9&_nc_ht=scontent.fist4-1.fna&edm=AL-3X8kEAAAA&oh=00_AfBgWcqnZzVRrPjVL6YX9l8HPUvpLpoiBce237CrpBdH4w&oe=638FDDC9",
    "id": "17841401877451318"
  },
  {
    "username": "hadise",
    "website": "https://stageart.lnk.to/Imdat",
    "name": "Hadise",
    "biography": "#\u0130mdat \u2764\ufe0f\u200d\ud83d\udd25\ud83c\udd98",
    "followers_count": 14191882,
    "media_count": 887,
    "profile_picture_url": "https://scontent.fist4-1.fna.fbcdn.net/v/t51.2885-15/293196915_719733419094161_5723472685349014778_n.jpg?_nc_cat=1&ccb=1-7&_nc_sid=86c713&_nc_ohc=iWL6FI6zGe8AX8mIiAi&_nc_ht=scontent.fist4-1.fna&edm=AL-3X8kEAAAA&oh=00_AfCZDGhISmIUfE1Zt4cIg8HYBDstsxBhwhtykBKI8ckp1Q&oe=63903F06",
    "id": "17841401450260411"
  },
  {
    "username": "neslihanatagul",
    "website": "http://neslihanatagul.com/",
    "name": "Neslihan Atagu\u0308l Dog\u0306ulu",
    "biography": "contact@neslihanatagul.com",
    "followers_count": 13677061,
    "media_count": 595,
    "profile_picture_url": "https://scontent.fist4-1.fna.fbcdn.net/v/t51.2885-15/57870502_2132867317018419_1668047022957002752_n.jpg?_nc_cat=1&ccb=1-7&_nc_sid=86c713&_nc_ohc=wc1ol8REerMAX_T-CR4&_nc_ht=scontent.fist4-1.fna&edm=AL-3X8kEAAAA&oh=00_AfBBwFkIzowLBMzSmBl3PWUHMLrezWoEiCSs8zhkNkSpYA&oe=638F58AF",
    "id": "17841401449484709"
  },
  {
    "username": "acunilicali",
    "website": "https://www.acunn.com/",
    "name": "Acun Il\u0131cal\u0131",
    "biography": "Acun Il\u0131cal\u0131 Resmi Instagram Hesab\u0131d\u0131r.",
    "followers_count": 13544621,
    "media_count": 572,
    "profile_picture_url": "https://scontent.fist4-1.fna.fbcdn.net/v/t51.2885-15/11939321_1683253691907749_1150130360_a.jpg?_nc_cat=1&ccb=1-7&_nc_sid=86c713&_nc_ohc=YWX68I6v1YoAX_1aChJ&_nc_ht=scontent.fist4-1.fna&edm=AL-3X8kEAAAA&oh=00_AfDbFraYZEp0MlBAzKtFhQmg-zBad1zV8VBeFAtNJOANSg&oe=638FCE69",
    "id": "17841400426004224"
  },
  {
    "username": "evcenf",
    "name": "Fahriye Evcen O\u0308zc\u0327ivit",
    "followers_count": 13204348,
    "media_count": 820,
    "profile_picture_url": "https://scontent.fist4-1.fna.fbcdn.net/v/t51.2885-15/14360060_642446579256176_815406726625886208_a.jpg?_nc_cat=1&ccb=1-7&_nc_sid=86c713&_nc_ohc=zTmDnZGhKvMAX-B00WQ&_nc_ht=scontent.fist4-1.fna&edm=AL-3X8kEAAAA&oh=00_AfDtEMvCCbfWEb34otHYTJ-UEa15JjtJOKBr2HsW3bLwQg&oe=63903FB2",
    "id": "17841400298200460"
  },
  {
    "username": "a101iletisim",
    "website": "https://www.a101.com.tr/",
    "name": "A101",
    "biography": "A101 resmi instagram hesab\u0131d\u0131r.",
    "followers_count": 12040274,
    "media_count": 9950,
    "profile_picture_url": "https://scontent.fist4-1.fna.fbcdn.net/v/t51.2885-15/45389943_2024137490976452_4000129099778490368_n.jpg?_nc_cat=1&ccb=1-7&_nc_sid=86c713&_nc_ohc=iC1ruT7v8cAAX88mgqN&_nc_ht=scontent.fist4-1.fna&edm=AL-3X8kEAAAA&oh=00_AfBRxBd1q050oWUKyeTBEb9lpCJQ3RTxAG0BAu1XeVXY8g&oe=639048A5",
    "id": "17841403253704398"
  },
  {
    "username": "galatasaray",
    "website": "http://galatasaray.org/",
    "name": "Galatasaray",
    "biography": "Galatasaray Spor Kulu\u0308bu\u0308 Resmi Instagram Sayfas\u0131 / Official Instagram Page of Galatasaray SK",
    "followers_count": 11958153,
    "media_count": 9990,
    "profile_picture_url": "https://scontent.fist4-1.fna.fbcdn.net/v/t51.2885-15/312131029_511862697470054_8927164750260339995_n.jpg?_nc_cat=1&ccb=1-7&_nc_sid=86c713&_nc_ohc=14S2kuQM_xkAX9WTM-s&_nc_ht=scontent.fist4-1.fna&edm=AL-3X8kEAAAA&oh=00_AfD7zaXjaL0pJ9RKKFmE4RgitdsZIUm1uIijhT361HPudA&oe=6390E46B",
    "id": "17841401600744711"
  },
  {
    "username": "muratboz",
    "website": "https://youtu.be/gwB6ezxPRmU",
    "name": "Murat Boz",
    "biography": "#HarbiG\u00fczel Remix Yay\u0131nda !",
    "followers_count": 11388530,
    "media_count": 1105,
    "profile_picture_url": "https://scontent.fist4-1.fna.fbcdn.net/v/t51.2885-15/293520760_215023314184052_2769768775592335082_n.jpg?_nc_cat=1&ccb=1-7&_nc_sid=86c713&_nc_ohc=5OorpjaJ_K0AX-H-QT-&_nc_ht=scontent.fist4-1.fna&edm=AL-3X8kEAAAA&oh=00_AfB4UME4CyHZnNj6WXkO-2IH9ekOLQ0OOJ0PHVv_QILqig&oe=638FF103",
    "id": "17841401298310286"
  },
  {
    "username": "bimturkiye",
    "website": "http://www.bim.com.tr/",
    "name": "B\u0130M T\u00fcrkiye",
    "biography": "B\u0130M T\u00fcrkiye\u2019nin resmi Instagram sayfas\u0131d\u0131r.",
    "followers_count": 11434971,
    "media_count": 7617,
    "profile_picture_url": "https://scontent.fist4-1.fna.fbcdn.net/v/t51.2885-15/87684357_2197621213674242_753732624047931392_n.jpg?_nc_cat=1&ccb=1-7&_nc_sid=86c713&_nc_ohc=2wEbsdl6KQMAX_NNFzp&_nc_ht=scontent.fist4-1.fna&edm=AL-3X8kEAAAA&oh=00_AfD5_Q1EmhQucCN3CFFNhUiJfDBfibASca7jOaH9tqKsRw&oe=639063BF",
    "id": "17841406429113505"
  },
  {
    "username": "drfahrettinkoca",
    "website": "http://youtube.com/sbfahrettinkoca",
    "name": "Dr. Fahrettin Koca",
    "biography": "T\u00fcrkiye Cumhuriyeti Sa\u011fl\u0131k Bakan\u0131 - Minister of Health of the Republic of T\u00fcrkiye",
    "followers_count": 11170589,
    "media_count": 5608,
    "profile_picture_url": "https://scontent.fist4-1.fna.fbcdn.net/v/t51.2885-15/87590382_261327001520562_3224793932692979712_n.jpg?_nc_cat=1&ccb=1-7&_nc_sid=86c713&_nc_ohc=QBtqhHvmKtgAX99oLel&_nc_ht=scontent.fist4-1.fna&edm=AL-3X8kEAAAA&oh=00_AfCDoQTR2cprqcRcvFu0zFP_wkyJGUFURaUJ-O9y_lZpUQ&oe=63907B02",
    "id": "17841408365472271"
  },
  {
    "username": "thebursin",
    "name": "Kerem Bu\u0308rsin",
    "biography": "Actor                                                                           Management: @gunfer \ud83c\uddf9\ud83c\uddf7 @_roaringtalents \ud83c\uddea\ud83c\uddf8",
    "followers_count": 11013914,
    "media_count": 174,
    "profile_picture_url": "https://scontent.fist4-1.fna.fbcdn.net/v/t51.2885-15/65975669_392489571376482_2365201746461982720_n.jpg?_nc_cat=1&ccb=1-7&_nc_sid=86c713&_nc_ohc=DYqEeVdzAiIAX86uCYZ&_nc_ht=scontent.fist4-1.fna&edm=AL-3X8kEAAAA&oh=00_AfDc8WaWH0wb5yU4AFnMuR3rt_Vn2DbengJHsTkEjI71Dw&oe=6390C0B3",
    "id": "17841401376583311"
  },
  {
    "username": "off____white",
    "website": "https://linkin.bio/off____white",
    "name": "Off-White\u2122",
    "biography": "\ud835\ude73\ud835\ude8e\ud835\ude8f\ud835\ude92\ud835\ude97\ud835\ude92\ud835\ude97\ud835\ude90 \ud835\ude9d\ud835\ude91\ud835\ude8e \ud835\ude90\ud835\ude9b\ud835\ude8e\ud835\udea2 \ud835\ude8a\ud835\ude9b\ud835\ude8e\ud835\ude8a \ud835\ude8b\ud835\ude8e\ud835\ude9d\ud835\udea0\ud835\ude8e\ud835\ude8e\ud835\ude97 \ud835\ude8b\ud835\ude95\ud835\ude8a\ud835\ude8c\ud835\ude94 \ud835\ude8a\ud835\ude97\ud835\ude8d \ud835\udea0\ud835\ude91\ud835\ude92\ud835\ude9d\ud835\ude8e \ud835\ude8a\ud835\ude9c \ud835\ude9d\ud835\ude91\ud835\ude8e \ud835\ude8c\ud835\ude98\ud835\ude95\ud835\ude98\ud835\ude9b \ud835\ude7e\ud835\ude8f\ud835\ude8f-\ud835\ude86\ud835\ude91\ud835\ude92\ud835\ude9d\ud835\ude8e\u2122.",
    "followers_count": 10629517,
    "media_count": 555,
    "profile_picture_url": "https://scontent.fist4-1.fna.fbcdn.net/v/t51.2885-15/302169842_619789249581980_725972865731537043_n.jpg?_nc_cat=1&ccb=1-7&_nc_sid=86c713&_nc_ohc=pi7er-f2KU8AX-TiSyS&_nc_ht=scontent.fist4-1.fna&edm=AL-3X8kEAAAA&oh=00_AfDsfVoHpIw6rS4hoz6wZRu92W9DoUWXEi1GM3Y1G8m3bA&oe=639112B1",
    "id": "17841401192475663"
  },
  {
    "username": "ibrahimyilmazofficial",
    "website": "https://wa.me/message/D7MGR5NNDI4WH1",
    "name": "I\u0307brahim Y\u0131lmaz\ufe0f",
    "biography": "\u0130\u015f Adam\u0131 \ud83d\udd30\nBussinessman\ud83d\udd30\nArmed  \u015eirketleri\nY\u00f6netim  Kurulu Ba\u015fkan\u0131\ud83d\udd30\nGiri\u015fimci \u00f6d\u00fcll\u00fc \ud83c\udfc6\nFacebook: 5.mn+\nTik tok 2,5mn + \n\u0130nstagram:10 mn.+\nMenajer\u2b07\ufe0f",
    "followers_count": 10360689,
    "media_count": 2185,
    "profile_picture_url": "https://scontent.fist4-1.fna.fbcdn.net/v/t51.2885-15/289432660_1211669899595044_5127273395732328103_n.jpg?_nc_cat=109&ccb=1-7&_nc_sid=86c713&_nc_ohc=vVfIOj1C93EAX-Wb6hb&_nc_ht=scontent.fist4-1.fna&edm=AL-3X8kEAAAA&oh=00_AfARO8ouI0FKkxE3392l9zffBgUmR2mYBaN9omP-6pvPQg&oe=638F6E7E",
    "id": "17841400516933629"
  },
  {
    "username": "iynemliarasbulut",
    "website": "http://www.artistanbul.net/",
    "name": "Aras Bulut I\u0307ynemli",
    "biography": "Twitter Aras_B_iynemli",
    "followers_count": 10288012,
    "media_count": 464,
    "profile_picture_url": "https://scontent.fist4-1.fna.fbcdn.net/v/t51.2885-15/74661313_491272238127924_6565716355071344640_n.jpg?_nc_cat=1&ccb=1-7&_nc_sid=86c713&_nc_ohc=GunyRaj3bVEAX-J4uIZ&_nc_ht=scontent.fist4-1.fna&edm=AL-3X8kEAAAA&oh=00_AfCIsDasqzGRv5hoh-hRf1vYJ0qyQfVsHxyCUJv_t1UAfQ&oe=6390C417",
    "id": "17841400353960548"
  },
  {
    "username": "nefisyemektarifleri",
    "website": "https://www.nefisyemektarifleri.com/",
    "name": "Nefis Yemek Tarifleri",
    "biography": "Du\u0308nyan\u0131n en bu\u0308yu\u0308k Tu\u0308rkc\u0327e yemek tarifleri sitesi \ud83d\ude0b\nDaha fazla tarif i\u00e7in \ud83d\udc47\ud83c\udffb",
    "followers_count": 10247518,
    "media_count": 8119,
    "profile_picture_url": "https://scontent.fist4-1.fna.fbcdn.net/v/t51.2885-15/278045687_159322576544720_7881368700195574870_n.jpg?_nc_cat=1&ccb=1-7&_nc_sid=86c713&_nc_ohc=JbCkB6OrhJIAX-RiARV&_nc_ht=scontent.fist4-1.fna&edm=AL-3X8kEAAAA&oh=00_AfCGS9f0Lv6Ve1SKqRjfVJuaIIxCBzmXhWwTSXQUy7RFkw&oe=63901529",
    "id": "17841401193020183"
  },
  {
    "username": "rterdogan",
    "website": "http://t.me/rterdogan/",
    "name": "Recep Tayyip Erdog\u0306an",
    "biography": "T\u00fcrkiye Cumhurba\u015fkan\u0131 - President of the Republic of T\u00fcrkiye",
    "followers_count": 10224744,
    "media_count": 1076,
    "profile_picture_url": "https://scontent.fist4-1.fna.fbcdn.net/v/t51.2885-15/35998479_186644938847564_4208390410399121408_n.jpg?_nc_cat=1&ccb=1-7&_nc_sid=86c713&_nc_ohc=4JGttE4f5sIAX-90PQm&_nc_ht=scontent.fist4-1.fna&edm=AL-3X8kEAAAA&oh=00_AfDtXWP4qhnn9Jp7dFJcn1lA6aH5t5lUFJDCWT9uc5oREg&oe=638FE5A4",
    "id": "17841401174867198"
  },
  {
    "username": "dogusofficial",
    "name": "Dog\u0306us\u0327",
    "biography": "ileti\u015fim:\ud83c\uddf9\ud83c\uddf7@hilmielitez  \ud83c\udde6\ud83c\uddff@vefavaqifqizi_official",
    "followers_count": 10233717,
    "media_count": 164,
    "profile_picture_url": "https://scontent.fist4-1.fna.fbcdn.net/v/t51.2885-15/308380225_624951979185229_6743906375773566562_n.jpg?_nc_cat=100&ccb=1-7&_nc_sid=86c713&_nc_ohc=bdrknkGqg-IAX-tn0W_&_nc_ht=scontent.fist4-1.fna&edm=AL-3X8kEAAAA&oh=00_AfCm9arLkZICtssJNKUH-6D2EyTFsWoY6uizJkyr1qWkJg&oe=6391289A",
    "id": "17841401829223888"
  },
  {
    "username": "demetakalin",
    "website": "https://youtu.be/J9DvDxM_ur8",
    "name": "DEMET AKALIN",
    "biography": "Pop singer/Demet Akal\u0131n resmi Instagram hesab\u0131 /DA \u0130LET\u0130\u015e\u0130M i\u00e7in \u27a1\ufe0f demetakalinreklam@gmail.com\nBensiz Olsun  \ud83c\udfb6 \u2935\ufe0f",
    "followers_count": 10081191,
    "media_count": 1277,
    "profile_picture_url": "https://scontent.fist4-1.fna.fbcdn.net/v/t51.2885-15/210741754_144860927743973_1412580182527882414_n.jpg?_nc_cat=1&ccb=1-7&_nc_sid=86c713&_nc_ohc=-JukvW3hcrQAX_5vOfL&_nc_ht=scontent.fist4-1.fna&edm=AL-3X8kEAAAA&oh=00_AfBWdpcqoBOvR8_RWgX97aGOR2yO7mXFrQfUnPyXzjsx1Q&oe=638FE652",
    "id": "17841400924753192"
  },
  {
    "username": "canyaman",
    "website": "http://canyaman.it/",
    "name": "Can Yaman",
    "biography": "\u2709\ufe0f  \ud835\ude75\ud835\ude98\ud835\ude9b \ud835\ude92\ud835\ude97\ud835\ude8f\ud835\ude98: \nNicoletta Strazzeri\nnico@ni-co.it\n( Ufficio stampa / Publicist )\n\ud83d\udd8a \ud835\ude7c \ud835\ude8a \ud835\ude97 \ud835\ude8a \ud835\ude90 \ud835\ude8e \ud835\ude96 \ud835\ude8e \ud835\ude97 \ud835\ude9d:\nC\u00fcneyt Say\u0131l & \u0130lker Bilgi\ninfo@icm-agency.com",
    "followers_count": 10070755,
    "media_count": 774,
    "profile_picture_url": "https://scontent.fist4-1.fna.fbcdn.net/v/t51.2885-15/132202408_2850683415216091_4903503400030540778_n.jpg?_nc_cat=1&ccb=1-7&_nc_sid=86c713&_nc_ohc=_T_WLGnDHswAX9zhQoN&_nc_ht=scontent.fist4-1.fna&edm=AL-3X8kEAAAA&oh=00_AfDSvKPdyWlTGuau1Vr2tyTK28myBzMPmc_B_7eDbdRQnQ&oe=638FAE2F",
    "id": "17841400589950127"
  },
  {
    "username": "tahaozer",
    "name": "Taha O\u0308zer",
    "biography": "All Contacts \ud83d\udcde (+9) 0541 289 89 89 \ntahaozer@tahaozer.com",
    "followers_count": 10027674,
    "media_count": 4816,
    "profile_picture_url": "https://scontent.fist4-1.fna.fbcdn.net/v/t51.2885-15/233140738_228846545797937_3535826074566500290_n.jpg?_nc_cat=1&ccb=1-7&_nc_sid=86c713&_nc_ohc=CBriZ3uF-eQAX-I6jRD&_nc_ht=scontent.fist4-1.fna&edm=AL-3X8kEAAAA&oh=00_AfBlO5NB7UN2mQxJZtn61rSutZ3H5obCD7rzgwBPMgZB1Q&oe=63905019",
    "id": "17841400624093068"
  },
  {
    "username": "lorealparis",
    "website": "https://linkin.bio/lorealparis",
    "name": "L'Ore\u0301al Paris Official",
    "biography": "Because we are all worth it.\nShow us your worth with #LOrealParisFamily \n#ForBeautyWithoutAnimalTesting\nStand Up against street harassment #WeStandUP",
    "followers_count": 10043105,
    "media_count": 9802,
    "profile_picture_url": "https://scontent.fist4-1.fna.fbcdn.net/v/t51.2885-15/217806878_175144597871647_8215279131011239236_n.jpg?_nc_cat=1&ccb=1-7&_nc_sid=86c713&_nc_ohc=0RD1btxpCzgAX-_HDDB&_nc_oc=AQkMc0Fjy6-wsDRFzI0op2SP1lvmP1ShmQFOgadFLsFoQ1Nl54VmlsfiW4wTZOx-PFg&_nc_ht=scontent.fist4-1.fna&edm=AL-3X8kEAAAA&oh=00_AfDAnaIWGv_ilD80kwL6fusnE0-N1siwELOSQBZQ9W7uJA&oe=63905ECC",
    "id": "17841401639940683"
  },
  {
    "username": "cezmikalorifer",
    "website": "https://shop.cezmikalorifer.com",
    "name": "Cezmi Kalorifer",
    "biography": "\u2022 9 y\u0131ld\u0131r en iyiyi payla\u015fmaya \u00e7al\u0131\u015fan birey\n\u2022 \u0130\u00e7erik tavsiyesi alm\u0131yorum \ud83d\ude14\n\u2022 Reklam : www.reklam.cez.io\n\u2022 Di\u011fer: iletisim@cezmikalorifer.com",
    "followers_count": 9859333,
    "media_count": 7914,
    "profile_picture_url": "https://scontent.fist4-1.fna.fbcdn.net/v/t51.2885-15/126848014_2901359190191505_5929266557531967480_n.jpg?_nc_cat=1&ccb=1-7&_nc_sid=86c713&_nc_ohc=stNprmopXjgAX_rlJSN&_nc_ht=scontent.fist4-1.fna&edm=AL-3X8kEAAAA&oh=00_AfDpo8sztx2rBbaa4OxE1nTVnWlLeEDBYkkGL7kp0u3WKg&oe=63906BF7",
    "id": "17841401325824967"
  },
  {
    "username": "serenayss",
    "website": "http://www.idiletisim.com.tr/",
    "name": "Serenay Sar\u0131kaya",
    "biography": "Twitter: srnysrkyresmi",
    "followers_count": 9377418,
    "media_count": 1150,
    "profile_picture_url": "https://scontent.fist4-1.fna.fbcdn.net/v/t51.2885-15/311275742_193871839767858_8085612421137398701_n.jpg?_nc_cat=1&ccb=1-7&_nc_sid=86c713&_nc_ohc=dNe4Qvg-jwkAX_oJOvo&_nc_ht=scontent.fist4-1.fna&edm=AL-3X8kEAAAA&oh=00_AfCCSPz36k1PDtepqtW2pLocOduaG2qruOWZ-EZhvPv94Q&oe=6390D49E",
    "id": "17841401585563758"
  },
  {
    "username": "burcuozberk",
    "website": "http://www.ahmetkoralturk.com/",
    "name": "Burcu \u00d6zberk",
    "biography": "\ud83c\udf05 \ud83e\udd0d\ud83c\udf3c",
    "followers_count": 9275815,
    "media_count": 477,
    "profile_picture_url": "https://scontent.fist4-1.fna.fbcdn.net/v/t51.2885-15/280317374_693779521897932_1434379893850406645_n.jpg?_nc_cat=1&ccb=1-7&_nc_sid=86c713&_nc_ohc=uNsEdWvsKBMAX9bx-qR&_nc_oc=AQmR6UX7eiCyyiyNEMyacVpxfeascBcKNMGNGoOiDOJLzmAE6l3aaoHGAgn2TXwr4R8&_nc_ht=scontent.fist4-1.fna&edm=AL-3X8kEAAAA&oh=00_AfCoWH43497_xc6rqHFDWsMHOpHn3xuYwSAuYa3O06LCPg&oe=63911166",
    "id": "17841400792367938"
  },
  {
    "username": "elcinsangu",
    "website": "http://www.ahmetkoralturk.com/",
    "name": "Elc\u0327in Sangu",
    "biography": "Actress",
    "followers_count": 8539933,
    "media_count": 248,
    "profile_picture_url": "https://scontent.fist4-1.fna.fbcdn.net/v/t51.2885-15/286846257_777853503230855_4373888974417218250_n.jpg?_nc_cat=1&ccb=1-7&_nc_sid=86c713&_nc_ohc=qLgme0x1fmUAX-EglDx&_nc_ht=scontent.fist4-1.fna&edm=AL-3X8kEAAAA&oh=00_AfDytu_2mFvMNoeY3rQxX-Xaq0Fk85vR7X8jG1A9NmeSfA&oe=6390EA8F",
    "id": "17841401417834910"
  },
  {
    "username": "fenerbahce",
    "name": "Fenerbah\u00e7e",
    "biography": "Fenerbah\u00e7e Spor Kul\u00fcb\u00fc Resmi Instagram Hesab\u0131 \n#CumhuriyetinFeneri",
    "followers_count": 8339470,
    "media_count": 9992,
    "profile_picture_url": "https://scontent.fist4-1.fna.fbcdn.net/v/t51.2885-15/311783313_451113380449340_1095013166233997461_n.jpg?_nc_cat=1&ccb=1-7&_nc_sid=86c713&_nc_ohc=g5tOvKdpXf0AX8NREzj&_nc_ht=scontent.fist4-1.fna&edm=AL-3X8kEAAAA&oh=00_AfDRiSJJxdxG3fYZ670RBHCc5TX2UILCwx9IRl6zEWJmmA&oe=63902DA6",
    "id": "17841400672518500"
  },
  {
    "username": "iremderici",
    "website": "https://youtu.be/TSGnuAtEP8I",
    "name": "I\u0307rem Derici",
    "biography": "\u201cYaz G\u00fcl\u00fc\u201d yay\u0131nda! \u0130zlemek i\u00e7in:",
    "followers_count": 8277141,
    "media_count": 743,
    "profile_picture_url": "https://scontent.fist4-1.fna.fbcdn.net/v/t51.2885-15/316558301_519194340258471_6022566094644519262_n.jpg?_nc_cat=1&ccb=1-7&_nc_sid=86c713&_nc_ohc=jJjrBWcqBBUAX-dEkP3&_nc_ht=scontent.fist4-1.fna&edm=AL-3X8kEAAAA&oh=00_AfDWf7jk3lkj5jMCVDZ5biBGZluqXin7Bg6ZWj_kwy-U4A&oe=6390A903",
    "id": "17841400572400003"
  },
  {
    "username": "karikaturhane",
    "website": "https://ty.gl/tpp2k2xyzb",
    "name": "Karikatu\u0308rhane",
    "biography": "Birbirinden efsane, mizah, do\u011fa, manzara payla\u015f\u0131mlar\u0131 i\u00e7in sen de aram\u0131za kat\u0131l, ana sayfana renk katal\u0131m.\ud83d\ude0e Reklam ve ileti\u015fim: @goygoynetworkinfo",
    "followers_count": 8227684,
    "media_count": 9901,
    "profile_picture_url": "https://scontent.fist4-1.fna.fbcdn.net/v/t51.2885-15/118516820_1027707647666738_2311098678505166685_n.jpg?_nc_cat=1&ccb=1-7&_nc_sid=86c713&_nc_ohc=YGN0IetZdBYAX-2SM5E&_nc_ht=scontent.fist4-1.fna&edm=AL-3X8kEAAAA&oh=00_AfDZu6ct3zSx-wmWa3m6odQ89BRiaOPWFf6gDdpTbfXtcQ&oe=6390FA39",
    "id": "17841401067344650"
  },
  {
    "username": "gurkansef",
    "website": "http://gurkansef.com/",
    "name": "G\u00fcrkan Top\u00e7u",
    "biography": "\ud83c\uddf9\ud83c\uddf7 @mrgurkan \ud83e\udd69 @mrasadoburger \ud83c\udf54 @pastavicio \ud83c\udf55 @gurkanburger \ud83d\udd25 @mrgurkankasapbutcher \n\ud83d\udcfaG\u00fcrkan \u015eef ile Mangal Sohbetleri\n\ud83d\udcdaG\u00fcrkan \u015eef\u2019in \u00dcnl\u00fc Burgerleri",
    "followers_count": 8181019,
    "media_count": 567,
    "profile_picture_url": "https://scontent.fist4-1.fna.fbcdn.net/v/t51.2885-15/277037192_1624122057943666_7327389534975358803_n.jpg?_nc_cat=109&ccb=1-7&_nc_sid=86c713&_nc_ohc=u4zvl99zST0AX_lPKjq&_nc_ht=scontent.fist4-1.fna&edm=AL-3X8kEAAAA&oh=00_AfDwk222qtRHKmBSbO7EwFjosPRX8_LCoxswlDwakilRVQ&oe=639025E5",
    "id": "17841401813685278"
  },
  {
    "username": "muratavcionline",
    "name": "Murat Avc\u0131",
    "biography": "Kitap Yazar\u0131 \nG\u00fcncel Caps & Video Yorumcusu\nYeni kitab\u0131m \ud83d\udc49 @dogruduvaryikilmazkitabi",
    "followers_count": 8029707,
    "media_count": 2313,
    "profile_picture_url": "https://scontent.fist4-1.fna.fbcdn.net/v/t51.2885-15/286554499_1012013779453304_4256250971304575133_n.jpg?_nc_cat=101&ccb=1-7&_nc_sid=86c713&_nc_ohc=i4cTmxDgLVEAX9c3rcw&_nc_ht=scontent.fist4-1.fna&edm=AL-3X8kEAAAA&oh=00_AfAt2KkPXqwg7pbHOBNmUs_5Bf1D0WxPH_pV3GZIzf2kmg&oe=638FD309",
    "id": "17841400846274721"
  },
  {
    "username": "ruggero",
    "website": "https://linktr.ee/VolverACeroTour",
    "name": "RUGGERO",
    "biography": "\ud83c\uddee\ud83c\uddf9",
    "followers_count": 7881121,
    "media_count": 2723,
    "profile_picture_url": "https://scontent.fist4-1.fna.fbcdn.net/v/t51.2885-15/280418557_126754569967813_4312369587237645530_n.jpg?_nc_cat=1&ccb=1-7&_nc_sid=86c713&_nc_ohc=cIi4nUypk3AAX-GzYug&_nc_ht=scontent.fist4-1.fna&edm=AL-3X8kEAAAA&oh=00_AfBCOrg7WP7ThgJUPo0OfAAkE2EIUzGTH73pqHBjdj78PQ&oe=638F7BE9",
    "id": "17841400532560330"
  },
  {
    "username": "sokmarketler",
    "website": "https://www.sokmarket.com.tr/",
    "name": "S\u0327ok Marketler",
    "biography": "Arad\u0131\u011f\u0131n ne varsa Cepte \u015eOK'la \u00fccretsiz kap\u0131nda!",
    "followers_count": 7799726,
    "media_count": 10816,
    "profile_picture_url": "https://scontent.fist4-1.fna.fbcdn.net/v/t51.2885-15/313946484_1299410360870368_641840460154119136_n.jpg?_nc_cat=1&ccb=1-7&_nc_sid=86c713&_nc_ohc=JR7VwnHNqpkAX98952Z&_nc_ht=scontent.fist4-1.fna&edm=AL-3X8kEAAAA&oh=00_AfDzorO_sbqpCaSkUBPexsLjw1KGEvo0b3KITwGFlKw0Vg&oe=63906427",
    "id": "17841400141792095"
  },
  {
    "username": "cagatayulusoy",
    "website": "http://www.cagatayulusoy.com.tr/",
    "name": "Cagatay Ulusoy",
    "biography": "www.twitter.com/cagatayulusoyy",
    "followers_count": 7766723,
    "media_count": 118,
    "profile_picture_url": "https://scontent.fist4-1.fna.fbcdn.net/v/t51.2885-15/168117013_291419709044964_5772671707497267629_n.jpg?_nc_cat=1&ccb=1-7&_nc_sid=86c713&_nc_ohc=elAEnsjLBzYAX8mPt2F&_nc_ht=scontent.fist4-1.fna&edm=AL-3X8kEAAAA&oh=00_AfBqqKD7fcGQGkgOjejenAPI0ypXOFhSNvApAn9GJf2TSQ&oe=63907862",
    "id": "17841401436660362"
  },
  {
    "username": "meryemuzerlimeryem",
    "name": "meryemuzerlimeryem",
    "biography": "ACTRESS \nMy Mommy \ud83c\udde9\ud83c\uddea My Daddy \ud83c\uddf9\ud83c\uddf7",
    "followers_count": 7457790,
    "media_count": 2895,
    "profile_picture_url": "https://scontent.fist4-1.fna.fbcdn.net/v/t51.2885-15/26863173_2046748815610055_1460820700670459904_n.jpg?_nc_cat=1&ccb=1-7&_nc_sid=86c713&_nc_ohc=GhnY_GIU3UAAX-of-0S&_nc_ht=scontent.fist4-1.fna&edm=AL-3X8kEAAAA&oh=00_AfBY8bMuyCYp6eWID0MWLiPPxhtgUsxOoMHlXP_U55ccOw&oe=63902BAA",
    "id": "17841401644754074"
  },
  {
    "username": "hazalkaya",
    "name": "Hazal Kaya",
    "biography": "Menajerlik; @idiletisim \nDijital \u0130leti\u015fim; @akadijital",
    "followers_count": 7334485,
    "media_count": 264,
    "profile_picture_url": "https://scontent.fist4-1.fna.fbcdn.net/v/t51.2885-15/311139897_779327836501577_6472264640199684983_n.jpg?_nc_cat=1&ccb=1-7&_nc_sid=86c713&_nc_ohc=7-ZX6RGtjQcAX_bthuX&_nc_ht=scontent.fist4-1.fna&edm=AL-3X8kEAAAA&oh=00_AfBGS5ET7uVk6_HW_HPg8gg6J3DDhv9CIwDjlWoDsmW-zA&oe=639108F8",
    "id": "17841400654300114"
  },
  {
    "username": "esbilgic",
    "website": "https://taplink.cc/aselinbahariol?fbclid=PAAaYFUW3DpOZS1MoYHDOeuCOf3zLsvWGPnlYzyiG6qdhk58dGJ2NEeboYMCg",
    "name": "Esra Bilgic",
    "biography": "Contact: duygudurukancici@gmail.com",
    "followers_count": 7147613,
    "media_count": 419,
    "profile_picture_url": "https://scontent.fist4-1.fna.fbcdn.net/v/t51.2885-15/302042773_385987523682658_756583331994452361_n.jpg?_nc_cat=1&ccb=1-7&_nc_sid=86c713&_nc_ohc=2BO3YbKhrOoAX-xrpBz&_nc_ht=scontent.fist4-1.fna&edm=AL-3X8kEAAAA&oh=00_AfDUCebdCfhitkyFwlsTJVeuN4TJsekr7hCY6YWdfk5x9w&oe=639094B7",
    "id": "17841400449194895"
  },
  {
    "username": "reynmen",
    "website": "https://youtu.be/V22n-mEMLG8",
    "name": "reyn",
    "biography": "\u03df",
    "followers_count": 7076101,
    "media_count": 38,
    "profile_picture_url": "https://scontent.fist4-1.fna.fbcdn.net/v/t51.2885-15/315503866_451857087020847_4081820809562806596_n.jpg?_nc_cat=1&ccb=1-7&_nc_sid=86c713&_nc_ohc=YiNae1t7lvQAX9MSrVR&_nc_ht=scontent.fist4-1.fna&edm=AL-3X8kEAAAA&oh=00_AfC4Sep5F8je9jPQps4vphXUcY-urie7QS_tE7cor_DK3g&oe=6390F390",
    "id": "17841400575133923"
  },
  {
    "username": "ekremimamoglu",
    "website": "https://www.ekremimamoglu.com",
    "name": "Ekrem I\u0307mamoglu",
    "biography": "I\u0307stanbul Bu\u0308yu\u0308ks\u0327ehir Belediye Bas\u0327kan\u0131 | Mayor of I\u0307stanbul \nFor posts in English, follow @imamoglu_int",
    "followers_count": 6969307,
    "media_count": 10014,
    "profile_picture_url": "https://scontent.fist4-1.fna.fbcdn.net/v/t51.2885-15/298964871_431685358911723_5393833565410895134_n.jpg?_nc_cat=1&ccb=1-7&_nc_sid=86c713&_nc_ohc=LW-Js0GkAVIAX_6ioYu&_nc_ht=scontent.fist4-1.fna&edm=AL-3X8kEAAAA&oh=00_AfAHEqsmcFs8FUHodHG3jkOR16PoqUB-v_eiY7vBX90y6w&oe=638F55B1",
    "id": "17841400287855838"
  },
  {
    "username": "arducbrs",
    "website": "http://www.ahmetkoralturk.com/",
    "name": "Bar\u0131s\u0327 Arduc\u0327",
    "followers_count": 6787619,
    "media_count": 162,
    "profile_picture_url": "https://scontent.fist4-1.fna.fbcdn.net/v/t51.2885-15/270019262_656633555341447_7362415376857866746_n.jpg?_nc_cat=1&ccb=1-7&_nc_sid=86c713&_nc_ohc=g0fmPJqlcPoAX8R5fAU&_nc_ht=scontent.fist4-1.fna&edm=AL-3X8kEAAAA&oh=00_AfATkz3cc1itNvjyioOoFsOTYRXHy_zbEL6BbL9w1MW6Pg&oe=638FD1B5",
    "id": "17841401729594121"
  },
  {
    "username": "aykutelmas",
    "website": "https://youtube.com/c/AykutElmasOlan",
    "name": "Aykut Elmas",
    "biography": "I\u0307zmir / \u0130leti\u015fim: aykutelmasvine@gmail.com\nYoutube Kanal\u0131m\ud83d\udc47\ud83c\udffc",
    "followers_count": 6779757,
    "media_count": 1060,
    "profile_picture_url": "https://scontent.fist4-1.fna.fbcdn.net/v/t51.2885-15/56458246_412757709506543_2622640836348739584_n.jpg?_nc_cat=1&ccb=1-7&_nc_sid=86c713&_nc_ohc=AZ3HXzlMsnMAX-0qPc5&_nc_ht=scontent.fist4-1.fna&edm=AL-3X8kEAAAA&oh=00_AfDYmDuAw5AANhNwzIS_4DaKEKQ07BGlnplfsK81gwdu8g&oe=638F958E",
    "id": "17841402140913925"
  },
  {
    "username": "eda.ece",
    "name": "Eda Ece",
    "biography": "\u2709\ufe0f: @g.sokmen",
    "followers_count": 6749993,
    "media_count": 291,
    "profile_picture_url": "https://scontent.fist4-1.fna.fbcdn.net/v/t51.2885-15/316795014_205142981928593_4429239032255246420_n.jpg?_nc_cat=1&ccb=1-7&_nc_sid=86c713&_nc_ohc=vcUScEa4kr0AX-qk_k1&_nc_ht=scontent.fist4-1.fna&edm=AL-3X8kEAAAA&oh=00_AfCdFqquFnjOQdtsm-UD7Q5XcWiKmX6qQ0yAw6OXInw4gQ&oe=639062A3",
    "id": "17841400764134524"
  },
  {
    "username": "makeupforever",
    "website": "https://www.makeupforever.com/",
    "name": "MAKE UP FOR EVER",
    "biography": "CO-CREATED WITH OUR PROS.\nWe are a collective of makeup artists co-creating high-performance products and services to unleash your personal edge.",
    "followers_count": 6654180,
    "media_count": 2144,
    "profile_picture_url": "https://scontent.fist4-1.fna.fbcdn.net/v/t51.2885-15/260114845_887094548661008_5293036096962939068_n.jpg?_nc_cat=1&ccb=1-7&_nc_sid=86c713&_nc_ohc=SNver_pHxUEAX9KoH0e&_nc_ht=scontent.fist4-1.fna&edm=AL-3X8kEAAAA&oh=00_AfArQaSuzMVY92z2kecTmIVEA1-i8lW9LJS5i6CX1KkBLQ&oe=6390A48D",
    "id": "17841400502443715"
  },
  {
    "username": "sukrankaymak",
    "name": "S\u0327u\u0308kran Kaymak",
    "biography": "Bu platformda \u0130lk yemek tarifleri hesab\u0131\u00ae\n\u0130letisim: 0542 618 02 32\ninfo@sukrankaymak.com.tr\nChef | Yemek Kitab\u0131 Yazar\u0131 | Workshop\nYoutube\ud83c\udfa5",
    "followers_count": 6353160,
    "media_count": 3204,
    "profile_picture_url": "https://scontent.fist4-1.fna.fbcdn.net/v/t51.2885-15/200621855_1974530796037786_2531504676734436675_n.jpg?_nc_cat=1&ccb=1-7&_nc_sid=86c713&_nc_ohc=FHWf9O5LTJIAX_BaCCN&_nc_ht=scontent.fist4-1.fna&edm=AL-3X8kEAAAA&oh=00_AfCBX-BwKLFwbGWCwRfWEwDnpGt6O1GfRSOpLQq5aVV1VA&oe=63910188",
    "id": "17841401541315061"
  },
  {
    "username": "lcwaikiki",
    "website": "https://www.lcwaikiki.com/tr-TR/TR/etiket/limitless-koleksiyonu",
    "name": "LC Waikiki",
    "biography": "\ud83d\udc59: @lcwdream \n\ud83c\udfe1: @lcwhome \n\ud83d\udcbb: @lcwaikikikariyer \n\ud83d\udc99LCW Limitless\ud83d\udc47\ud83c\udffb",
    "followers_count": 6355894,
    "media_count": 6702,
    "profile_picture_url": "https://scontent.fist4-1.fna.fbcdn.net/v/t51.2885-15/76969126_776583336159873_3751235783629996032_n.jpg?_nc_cat=1&ccb=1-7&_nc_sid=86c713&_nc_ohc=m-i79wyjM58AX8wsxlx&_nc_ht=scontent.fist4-1.fna&edm=AL-3X8kEAAAA&oh=00_AfCE5PdI3wCpaNUKJ5M6-hdmDAhJzhjNeMzAsew43hBP2w&oe=638FAF2F",
    "id": "17841401162053357"
  },
  {
    "username": "ezomola",
    "website": "https://www.youtube.com/channel/UCGOCBk0QYrzXh7BFq6iI_1w",
    "name": "ezgi mola",
    "biography": "Kalk\u0131\u015f i\u00e7in \u015eakira kemerlerini ba\u011flay\u0131n\u0131z! \n\u0130leti\u015fim: \u0130d \u0130leti\u015fim : Levent mahallesi Menek\u015feli sok no:12 /3.Levent @idiletisim",
    "followers_count": 6265268,
    "media_count": 1947,
    "profile_picture_url": "https://scontent.fist4-1.fna.fbcdn.net/v/t51.2885-15/245104054_4414093555375908_1056772312669643348_n.jpg?_nc_cat=1&ccb=1-7&_nc_sid=86c713&_nc_ohc=iW6WBMwsEU0AX9-GnsW&_nc_ht=scontent.fist4-1.fna&edm=AL-3X8kEAAAA&oh=00_AfD-31-5IJbhWVozr-GhOQgWE9jnYLXyCf72wMDKRv2B1w&oe=638F9A20",
    "id": "17841400897300108"
  },
  {
    "username": "_burakdeniz",
    "website": "http://www.twitter.com/_denizburak",
    "name": "Burak Deniz",
    "biography": "Contact: @gokcedorukerten",
    "followers_count": 6239539,
    "media_count": 307,
    "profile_picture_url": "https://scontent.fist4-1.fna.fbcdn.net/v/t51.2885-15/118681830_198820014919536_8414311375088474306_n.jpg?_nc_cat=1&ccb=1-7&_nc_sid=86c713&_nc_ohc=dDxAEGEX-hsAX-cH4qG&_nc_ht=scontent.fist4-1.fna&edm=AL-3X8kEAAAA&oh=00_AfD12Jauvi-aUb98hSfUugzCkbGCYut6BUlqtZykvjlOVg&oe=639061CC",
    "id": "17841401591787833"
  },
  {
    "username": "tolgasaritas",
    "website": "http://artistanbul.net/",
    "name": "Tolga Sar\u0131tas\u0327",
    "biography": "twitter : tolgasaritas",
    "followers_count": 6152742,
    "media_count": 99,
    "profile_picture_url": "https://scontent.fist4-1.fna.fbcdn.net/v/t51.2885-15/293155117_1413560019140888_8501988235004949664_n.jpg?_nc_cat=1&ccb=1-7&_nc_sid=86c713&_nc_ohc=_p2SvXPnusMAX9jt4oz&_nc_ht=scontent.fist4-1.fna&edm=AL-3X8kEAAAA&oh=00_AfDCzaiGUDuFSWt2_YMw7bhcqTXcAOfZlVYo7Hv1EafxKA&oe=63911919",
    "id": "17841400928718931"
  },
  {
    "username": "aycaaysinturan",
    "website": "https://m.imdb.com/name/nm5645823/",
    "name": "Ayc\u0327a Ays\u0327in Turan",
    "biography": "Contact | @ontalent.tr",
    "followers_count": 6112722,
    "media_count": 199,
    "profile_picture_url": "https://scontent.fist4-1.fna.fbcdn.net/v/t51.2885-15/317767330_698102974977919_7631899729299484274_n.jpg?_nc_cat=1&ccb=1-7&_nc_sid=86c713&_nc_ohc=2fADxSxwjUgAX_QbOY2&_nc_ht=scontent.fist4-1.fna&edm=AL-3X8kEAAAA&oh=00_AfCqIggtDXd3weLgOiqUmApjGqJkQ_6R33HhusK7hWoVCQ&oe=63900D59",
    "id": "17841400422973300"
  },
  {
    "username": "yasemoz88",
    "website": "https://www.axs.com/uk/events/453096/yasemin-sakallyoylu-tickets",
    "name": "Yasemin Sakall\u0131og\u0306lu",
    "biography": "Komedyen\n\u0130leti\u015fim \ud83d\udc49arkilixworks@gmail.com\n19 Aral\u0131k Londra i\u00e7in\ud83d\udc47",
    "followers_count": 6070061,
    "media_count": 481,
    "profile_picture_url": "https://scontent.fist4-1.fna.fbcdn.net/v/t51.2885-15/311984724_443896737887821_1069522963471422123_n.jpg?_nc_cat=1&ccb=1-7&_nc_sid=86c713&_nc_ohc=MD2TCxQJ0jUAX-jflD7&_nc_ht=scontent.fist4-1.fna&edm=AL-3X8kEAAAA&oh=00_AfB1t1NrB0bt83-WGVONiZc58XfLVUfqBbj_EJGUhLtG8A&oe=638FA23C",
    "id": "17841404025925868"
  },
  {
    "username": "tarkan",
    "website": "https://bfan.link/son-durak-2",
    "name": "Tarkan",
    "biography": "#SonDurak \u2b07\ufe0f",
    "followers_count": 6062826,
    "media_count": 543,
    "profile_picture_url": "https://scontent.fist4-1.fna.fbcdn.net/v/t51.2885-15/315653500_656792309337762_842003974707509777_n.jpg?_nc_cat=1&ccb=1-7&_nc_sid=86c713&_nc_ohc=CgCkpVVEOSwAX-pLnEk&_nc_ht=scontent.fist4-1.fna&edm=AL-3X8kEAAAA&oh=00_AfATwS4YywV1V_iUKmbocsR82gKrPB-Yp9Bhc0j_AE0PSQ&oe=639095AE",
    "id": "17841400945240005"
  },
  {
    "username": "danlabilic",
    "name": "danla bilic",
    "biography": "custom made",
    "followers_count": 6014925,
    "media_count": 324,
    "profile_picture_url": "https://scontent.fist4-1.fna.fbcdn.net/v/t51.2885-15/317485748_718807062533288_9131446132482012374_n.jpg?_nc_cat=1&ccb=1-7&_nc_sid=86c713&_nc_ohc=aJ62bf84H-QAX8u8h40&_nc_ht=scontent.fist4-1.fna&edm=AL-3X8kEAAAA&oh=00_AfB5T61WalhGfQptZKESQIW6q-guKv45PEW2wAtMQbsTYA&oe=6390E55B",
    "id": "17841402050887951"
  },
  {
    "username": "hmhome",
    "website": "https://www.youtube.com/c/HMHome",
    "name": "H&M HOME",
    "biography": "Welcome to the world of #HMHOME.\nUse #myhmhome & @HMHOME for your chance to be featured in our feed. \nInspo & hacks? \ud83c\udfa5 Check out our Youtube channel:",
    "followers_count": 6049257,
    "media_count": 2470,
    "profile_picture_url": "https://scontent.fist4-1.fna.fbcdn.net/v/t51.2885-15/175563588_144795470983659_8038643774770067770_n.jpg?_nc_cat=1&ccb=1-7&_nc_sid=86c713&_nc_ohc=PWtssbXyMxAAX_fentZ&_nc_ht=scontent.fist4-1.fna&edm=AL-3X8kEAAAA&oh=00_AfCLONESW3pW3DyCSSx_UM4nkYiT-8xIonSULYfpzpHTEw&oe=63900F06",
    "id": "17841402082326122"
  },
  {
    "username": "tubabustun.official",
    "name": "Tuba Bu\u0308yu\u0308ku\u0308stu\u0308n",
    "biography": "Actress . Artist . Unicef Goodwill Ambassador",
    "followers_count": 5953201,
    "media_count": 524,
    "profile_picture_url": "https://scontent.fist4-1.fna.fbcdn.net/v/t51.2885-15/297218962_1102879523991931_3262461891779208385_n.jpg?_nc_cat=1&ccb=1-7&_nc_sid=86c713&_nc_ohc=WdEi-uJ5XskAX-5wmiT&_nc_ht=scontent.fist4-1.fna&edm=AL-3X8kEAAAA&oh=00_AfA0cUloKltgrHOI4ylmK6Sd68nYwm2bIYM2R_zqefkmxA&oe=639089E6",
    "id": "17841400043012422"
  },
  {
    "username": "ozgecangurelofficial",
    "name": "O\u0308zge Gu\u0308rel",
    "biography": "contact / @gunfer",
    "followers_count": 5778196,
    "media_count": 514,
    "profile_picture_url": "https://scontent.fist4-1.fna.fbcdn.net/v/t51.2885-15/72445835_619010398631322_1952840695127474176_n.jpg?_nc_cat=1&ccb=1-7&_nc_sid=86c713&_nc_ohc=uaK92-LYeYQAX9ZjulW&_nc_ht=scontent.fist4-1.fna&edm=AL-3X8kEAAAA&oh=00_AfAnn4OKPyb5tKD95UX5tSU_LWnJOtouhhd_-uxpoDG07w&oe=6390C320",
    "id": "17841401094733310"
  },
  {
    "username": "denizbaysal_",
    "website": "http://twitter.com/BaysalDeniz",
    "name": "Deniz Baysal Yurtcu",
    "biography": "Kahraman \u00d6zden TM",
    "followers_count": 5766780,
    "media_count": 424,
    "profile_picture_url": "https://scontent.fist4-1.fna.fbcdn.net/v/t51.2885-15/311590159_1174982873365708_2762591021067278052_n.jpg?_nc_cat=1&ccb=1-7&_nc_sid=86c713&_nc_ohc=JvDj2L6YcXgAX8lmavr&_nc_ht=scontent.fist4-1.fna&edm=AL-3X8kEAAAA&oh=00_AfBRwRsf03uLNoP7fiKRLFeLxc0mZbQmosIwT04eLnOl5w&oe=6390A079",
    "id": "17841400263880396"
  },
  {
    "username": "neslimgungen",
    "website": "http://neslimgungen.com/",
    "name": "Neslim G\u00fcngen",
    "biography": "\u0130\u015eB\u0130RL\u0130\u011e\u0130 +905447642411 \n\ud83d\udcaf\u015eUBE \u2764\ufe0f\ud83d\udc4f\ud83c\udffb\ud83e\uddff\n@neslimgungenclinic\n@cosmones_medikal\n@neslimgungen.florya\n@neslimgungen.bagdat\n@neslimgungen.nisantasi",
    "followers_count": 5713388,
    "media_count": 5647,
    "profile_picture_url": "https://scontent.fist4-1.fna.fbcdn.net/v/t51.2885-15/310629797_5708938119128262_7370840480569792742_n.jpg?_nc_cat=1&ccb=1-7&_nc_sid=86c713&_nc_ohc=vpUKdtOImfYAX-MRDCi&_nc_ht=scontent.fist4-1.fna&edm=AL-3X8kEAAAA&oh=00_AfDG8AeqpuVgoKeVB9BeWydFhlDwPM1Lob-Rpa_FEP_oUw&oe=63914822",
    "id": "17841401227951591"
  },
  {
    "username": "burcukiratli23",
    "name": "Burcu K\u0131ratl\u0131",
    "biography": "Menajer: Abdullah Bulut \nSiyah......  23 \ud83e\udd0d",
    "followers_count": 5701712,
    "media_count": 375,
    "profile_picture_url": "https://scontent.fist4-1.fna.fbcdn.net/v/t51.2885-15/315544641_373471754971202_2670459398892548346_n.jpg?_nc_cat=103&ccb=1-7&_nc_sid=86c713&_nc_ohc=YQVqm4bdFE8AX9huM4M&_nc_ht=scontent.fist4-1.fna&edm=AL-3X8kEAAAA&oh=00_AfD4h6fb9MPKCy3qJGqUgi9sl98v8oWq8pKDhLHgAK5Zkg&oe=638F7546",
    "id": "17841400145892716"
  },
  {
    "username": "regloloji",
    "website": "https://ty.gl/5q9lt3agqg",
    "name": "Regloloji",
    "biography": "K\u0131z k\u0131za hem e\u011flenip hem de hediyeler kazand\u0131r\u0131yoruz \ud83d\udc81\u200d\u2640\ufe0f\nCredit : @reglolojicredits \nReklam & \u0130\u015f birlikleri i\u00e7in: @goygoynetworkinfo",
    "followers_count": 5615295,
    "media_count": 4998,
    "profile_picture_url": "https://scontent.fist4-1.fna.fbcdn.net/v/t51.2885-15/69361014_959224231104367_1798353242636156928_n.jpg?_nc_cat=1&ccb=1-7&_nc_sid=86c713&_nc_ohc=F9w2o5RBdXMAX9KBtlJ&_nc_ht=scontent.fist4-1.fna&edm=AL-3X8kEAAAA&oh=00_AfCUoefYfjBTo0Wg4fWf9Jk8ATO-U0V3bNKGU_tp98ucQQ&oe=638FABB0",
    "id": "17841407134912295"
  },
  {
    "username": "cmylmz",
    "name": "Cem Y\u0131lmaz",
    "biography": "1973 Komedyen",
    "followers_count": 5394025,
    "media_count": 1322,
    "profile_picture_url": "https://scontent.fist4-1.fna.fbcdn.net/v/t51.2885-15/285152362_388627649867355_8822196597314079143_n.jpg?_nc_cat=1&ccb=1-7&_nc_sid=86c713&_nc_ohc=M2d8Om_xd8MAX--JIQY&_nc_ht=scontent.fist4-1.fna&edm=AL-3X8kEAAAA&oh=00_AfCkehD3XPDs9IH_D4Fs9pmRAHrL0-TjprA_sVp0gwwqQA&oe=63907560",
    "id": "17841401494513516"
  },
  {
    "username": "esraezmecii",
    "website": "https://youtube.com/c/EsraEzmeci",
    "name": "Esra Ezmeci",
    "biography": "Klinik Psikolog & Yazar \u270d\ufe0f \nAdli Bilimler Doktora \ud83d\udd8b\n\ud83d\udccdTERAP\u0130 EVREN\u0130 -Etiler / \u0130stanbul \n\ud83d\udcde\ud83d\udcac 0850 346 80 88 (Tel-Whatsapp)\nYouTube \ud83d\udc47",
    "followers_count": 5401638,
    "media_count": 2654,
    "profile_picture_url": "https://scontent.fist4-1.fna.fbcdn.net/v/t51.2885-15/39172313_739375986403544_2282521555839746048_n.jpg?_nc_cat=1&ccb=1-7&_nc_sid=86c713&_nc_ohc=siIUwNz_z6sAX9ojVn2&_nc_ht=scontent.fist4-1.fna&edm=AL-3X8kEAAAA&oh=00_AfDy-yWxFQ5bxzJxFPg345TtOJdLmfjcEKTz5CusqqyYKw&oe=6391600A",
    "id": "17841401468892809"
  },
  {
    "username": "berenn_saat",
    "name": "BErEn Saat",
    "biography": "\ud83d\udc1d",
    "followers_count": 5334342,
    "media_count": 183,
    "profile_picture_url": "https://scontent.fist4-1.fna.fbcdn.net/v/t51.2885-15/35261756_265785560666982_3786363754208296960_n.jpg?_nc_cat=1&ccb=1-7&_nc_sid=86c713&_nc_ohc=RMKFgYbTKoEAX9Aqr0A&_nc_ht=scontent.fist4-1.fna&edm=AL-3X8kEAAAA&oh=00_AfDWPKQ8bDxDjfnppsYGeQtHND46LUdd10wvqUfipqbQPw&oe=638F79D6",
    "id": "17841401639370097"
  },
  {
    "username": "prof.dr.alpercelik",
    "website": "https://dralpercelik.com/",
    "name": "Alper C\u0327elik",
    "biography": "Prof. Dr. Alper \u00c7elik \nTip 2 Diyabetin Ameliyat ile Tedavisi\n\u260e\ufe0f 0212 953 20 20\n#diyabetsizyenibirsiz\n#tip2diyabetincerrahitedavisi",
    "followers_count": 5344635,
    "media_count": 1140,
    "profile_picture_url": "https://scontent.fist4-1.fna.fbcdn.net/v/t51.2885-15/132105473_192953865822283_7346899536379256415_n.jpg?_nc_cat=108&ccb=1-7&_nc_sid=86c713&_nc_ohc=qTQDqxBhvIIAX_RUUnf&_nc_ht=scontent.fist4-1.fna&edm=AL-3X8kEAAAA&oh=00_AfBIyt4RBBF70QjofrLZ5uNjWRvAuxPlyEnSPpc4wK5Vbg&oe=6390A703",
    "id": "17841407195299789"
  },
  {
    "username": "1ncicaps",
    "website": "https://app.hps.im/d7ct/ls1g9ai0",
    "name": "incicaps",
    "biography": "Tu\u0308rkiye'nin en eski ve en iyi mizah sayfas\u0131\nI\u0307letis\u0327im / Reklam \ud83d\udce9 iletisim.1ncicaps@gmail.com\n-\n\u0130ndirim Linki \ud83d\udc47\ud83c\udffb",
    "followers_count": 5275792,
    "media_count": 9991,
    "profile_picture_url": "https://scontent.fist4-1.fna.fbcdn.net/v/t51.2885-15/263756890_885008765544862_438430598668926684_n.jpg?_nc_cat=1&ccb=1-7&_nc_sid=86c713&_nc_ohc=8uoT1rwfdg4AX_pCfk7&_nc_oc=AQkUGpPo49HS--m9GzhlKHAyRYAZjMRlRX_som69UrnnG17TSFEdkDTvpeFl9PxHlk0&_nc_ht=scontent.fist4-1.fna&edm=AL-3X8kEAAAA&oh=00_AfA7LqIz1WveH_IsAlMOEME2IVdFV7N7AlVI0uE9IlpOTg&oe=6390FEC4",
    "id": "17841400015849338"
  },
  {
    "username": "enginaltandzytn",
    "website": "http://enginaltanduzyatan.com.tr/",
    "name": "Engin Altan Duzyatan",
    "biography": "iletis\u0327im: info@alphafilmpro.com",
    "followers_count": 5269727,
    "media_count": 209,
    "profile_picture_url": "https://scontent.fist4-1.fna.fbcdn.net/v/t51.2885-15/12357889_205866786418357_1408123872_a.jpg?_nc_cat=1&ccb=1-7&_nc_sid=86c713&_nc_ohc=Ksv8iTIJ06MAX9zm7oK&_nc_ht=scontent.fist4-1.fna&edm=AL-3X8kEAAAA&oh=00_AfBuOiZpTK2CgWyz17s6hGSK6NUeNdkfIFSrRMVitguWow&oe=63909A53",
    "id": "17841400851160089"
  },
  {
    "username": "gulben123",
    "website": "http://www.gulbenatural.com/",
    "name": "Gu\u0308lben Ergen \u2728",
    "biography": "Menajer : @oguzarinmis\nBas\u0131n \u0130leti\u015fim : @ozguraraspr",
    "followers_count": 5245545,
    "media_count": 10001,
    "profile_picture_url": "https://scontent.fist4-1.fna.fbcdn.net/v/t51.2885-15/313487437_205713118585802_8479115785692832756_n.jpg?_nc_cat=1&ccb=1-7&_nc_sid=86c713&_nc_ohc=345noiAzDMsAX_fADEX&_nc_ht=scontent.fist4-1.fna&edm=AL-3X8kEAAAA&oh=00_AfDNfhRDvQQ6ncivhrF0JrQxZPznISMoY2IwYz_4ulpTrA&oe=6390B8CF",
    "id": "17841400077010285"
  },
  {
    "username": "dilandeniz",
    "name": "Dilan C\u0327ic\u0327ek Deniz",
    "biography": "\ud83c\udf3b\nTalent Co. | info@aycakardes.com",
    "followers_count": 5222747,
    "media_count": 504,
    "profile_picture_url": "https://scontent.fist4-1.fna.fbcdn.net/v/t51.2885-15/278354698_511927617153055_3891387421425882373_n.jpg?_nc_cat=1&ccb=1-7&_nc_sid=86c713&_nc_ohc=5w51WaOZEuYAX_hZ89f&_nc_ht=scontent.fist4-1.fna&edm=AL-3X8kEAAAA&oh=00_AfDabEj-uJOjJ4rLngknlRICR0SZWZhsUHHbGvbyRX8c9w&oe=6390592D",
    "id": "17841401723684131"
  },
  {
    "username": "yusufguney",
    "website": "https://yusufguney.com.tr/",
    "name": "Yusuf Gu\u0308ney",
    "biography": "Software Development\nOfficial Account Yusuf G\u00fcney\nContact; \u0130nfo@yusufguney.com.tr",
    "followers_count": 5161238,
    "media_count": 78,
    "profile_picture_url": "https://scontent.fist4-1.fna.fbcdn.net/v/t51.2885-15/297710688_2153960464788614_4910447213715493400_n.jpg?_nc_cat=102&ccb=1-7&_nc_sid=86c713&_nc_ohc=Xf915I-bsmgAX-_4dzU&_nc_ht=scontent.fist4-1.fna&edm=AL-3X8kEAAAA&oh=00_AfCKtD20H86qUoEqpbDQ-ucMOLcnfBxAg4uu2fHv0RyuQQ&oe=63916910",
    "id": "17841404696807416"
  },
  {
    "username": "afrasaracoglu",
    "name": "Afra",
    "biography": "@ph7entertainment",
    "followers_count": 5631335,
    "media_count": 292,
    "profile_picture_url": "https://scontent.fist4-1.fna.fbcdn.net/v/t51.2885-15/177592622_216743686455388_4842241600490825926_n.jpg?_nc_cat=1&ccb=1-7&_nc_sid=86c713&_nc_ohc=PbzVq5j-E5sAX_03ZRD&_nc_ht=scontent.fist4-1.fna&edm=AL-3X8kEAAAA&oh=00_AfAPTuvDEp8e5LLsdhn3wz3kr_NbZ2Vk2K713N1LGjeuKw&oe=63912B8E",
    "id": "17841400940535482"
  },
  {
    "username": "besiktas",
    "website": "https://bjk.com.tr/tr/haber/84997",
    "name": "Be\u015fikta\u015f JK",
    "biography": "Bes\u0327iktas\u0327 JK Resmi Instagram Hesab\u0131 / The Official Instagram Account of Bes\u0327iktas\u0327 JK / English: @besiktasjkglobal",
    "followers_count": 5184435,
    "media_count": 10010,
    "profile_picture_url": "https://scontent.fist4-1.fna.fbcdn.net/v/t51.2885-15/317001908_1330454447780467_6850983152327939265_n.jpg?_nc_cat=1&ccb=1-7&_nc_sid=86c713&_nc_ohc=i3W6w3RliNMAX-LHKR-&_nc_ht=scontent.fist4-1.fna&edm=AL-3X8kEAAAA&oh=00_AfD7ZP3cvN7lDH5FKPYP_HvB78eitwvUhLfG_7w1VcQnGg&oe=638FCB5F",
    "id": "17841401269335608"
  },
  {
    "username": "trendyolcom",
    "website": "http://www.ty.gl/trendyolcom",
    "name": "Trendyol",
    "biography": "\ud83c\udf54 @trendyolyemek\n\ud83d\uded2 @trendyolhizlimarket\n\ud83c\udf0d @trendyol\n\ud83d\udc57 @dolap\nBe\u011fendi\u011fin \u00fcr\u00fcnleri sat\u0131n almak i\u00e7in\ud83d\udc47\ud83c\udffd",
    "followers_count": 5178719,
    "media_count": 9956,
    "profile_picture_url": "https://scontent.fist4-1.fna.fbcdn.net/v/t51.2885-15/314997978_502521218582217_4579231699289735254_n.jpg?_nc_cat=1&ccb=1-7&_nc_sid=86c713&_nc_ohc=gElSHRmkJmoAX9bPSPZ&_nc_ht=scontent.fist4-1.fna&edm=AL-3X8kEAAAA&oh=00_AfC0kl7PT1e_UwfRKkD1AvVTZBKV20rHeKwrbJLtP5D40A&oe=6390B405",
    "id": "17841401831113514"
  },
  {
    "username": "mustafaceceli",
    "website": "https://www.biletix.com/performance/1CCCA/001/TURKIYE/tr",
    "name": "\ud835\ude7c\ud835\ude9e\ud835\ude9c\ud835\ude9d\ud835\ude8a\ud835\ude8f\ud835\ude8a \ud835\ude72\ud835\ude8e\ud835\ude8c\ud835\ude8e\ud835\ude95\ud835\ude92",
    "biography": "BOSTANCI KONSER\u0130 \u2b07\ufe0f\u0645\u0635\u0637\u0641\u0649 \u062c\u064e\u062c\u064e\u0644\u064a",
    "followers_count": 5137439,
    "media_count": 2902,
    "profile_picture_url": "https://scontent.fist4-1.fna.fbcdn.net/v/t51.2885-15/317766720_125125043725608_9031348954254142324_n.jpg?_nc_cat=1&ccb=1-7&_nc_sid=86c713&_nc_ohc=4s1fBG_I51cAX_TfqNC&_nc_ht=scontent.fist4-1.fna&edm=AL-3X8kEAAAA&oh=00_AfBN6nLUHPJbyxGIoTDBvv2T3oH3m2L6N3OXCMjHMKUzNw&oe=6390A5E6",
    "id": "17841401732892789"
  },
  {
    "username": "berkatan",
    "website": "http://www.personasanat.com/",
    "name": "Berk Atan",
    "followers_count": 5133381,
    "media_count": 97,
    "profile_picture_url": "https://scontent.fist4-1.fna.fbcdn.net/v/t51.2885-15/277914387_713906923292783_8586536675549345249_n.jpg?_nc_cat=111&ccb=1-7&_nc_sid=86c713&_nc_ohc=KPFTOgXHOhEAX-wXYQ6&_nc_oc=AQkwLRAE_akeavKkW9JE2R6mDCLLvQL-cujm9-AMeqrFKBiXQtJOVKSyKbDpi0ruWaQ&_nc_ht=scontent.fist4-1.fna&edm=AL-3X8kEAAAA&oh=00_AfDXPlyT9m8A_hUJmeMRFb2RWYC4ZK5L4-BlB907RPceaQ&oe=6390EAD4",
    "id": "17841401445854323"
  },
  {
    "username": "ercansteakhouse",
    "website": "http://www.ercansteakhouse.com/",
    "name": "Ercan Steakhouse",
    "biography": "Ercan Steakhouse, vazge\u00e7ilmez lezzetler sunan d\u00fcnyan\u0131n en b\u00fcy\u00fck et restoran\u0131d\u0131r.",
    "followers_count": 5097545,
    "media_count": 587,
    "profile_picture_url": "https://scontent.fist4-1.fna.fbcdn.net/v/t51.2885-15/76893572_587636625345470_1211274102816374784_n.jpg?_nc_cat=101&ccb=1-7&_nc_sid=86c713&_nc_ohc=GAU6IwfGRSAAX8tKexc&_nc_ht=scontent.fist4-1.fna&edm=AL-3X8kEAAAA&oh=00_AfBJ18dJjK6OdhfQxi3YxR8KRJ8R8PJoU57-7S3sJVsVkg&oe=638FF517",
    "id": "17841406915996482"
  },
  {
    "username": "alpnavruz",
    "website": "https://twitter.com/AlpNavruz",
    "name": "Alp Navruz",
    "biography": "ukiletisim",
    "followers_count": 5069465,
    "media_count": 236,
    "profile_picture_url": "https://scontent.fist4-1.fna.fbcdn.net/v/t51.2885-15/316001465_452652997061759_4224502724978052216_n.jpg?_nc_cat=1&ccb=1-7&_nc_sid=86c713&_nc_ohc=Wr2IsXeHG9gAX87U8a-&_nc_ht=scontent.fist4-1.fna&edm=AL-3X8kEAAAA&oh=00_AfDGg2nRGAd57zU8YgDSAACQ8i1WgLvbE33u60i6T_Ti6A&oe=63907768",
    "id": "17841401807961296"
  },
  {
    "username": "enesbatur",
    "name": "Enes Batur",
    "biography": "#\ud835\uddea\ud835\udfed",
    "followers_count": 5000176,
    "media_count": 75,
    "profile_picture_url": "https://scontent.fist4-1.fna.fbcdn.net/v/t51.2885-15/196693953_542833630458065_1408271029666491941_n.jpg?_nc_cat=1&ccb=1-7&_nc_sid=86c713&_nc_ohc=pcd5_b3qUwYAX_5BSRC&_nc_ht=scontent.fist4-1.fna&edm=AL-3X8kEAAAA&oh=00_AfBR2NdS25wo1_Sy4v9Hy1dSQaiRJZTgZX0uJBBAzv7cPg&oe=63914E1B",
    "id": "17841401071970022"
  },
  {
    "username": "gamze_ercel",
    "name": "Gamze Erc\u0327el Y\u0131ld\u0131r\u0131m",
    "biography": "\u0130stanbul \n\ud83d\udc8ciletisim@caneryildirim.co",
    "followers_count": 4940525,
    "media_count": 1516,
    "profile_picture_url": "https://scontent.fist4-1.fna.fbcdn.net/v/t51.2885-15/306924401_118754814154752_6508933094574978106_n.jpg?_nc_cat=1&ccb=1-7&_nc_sid=86c713&_nc_ohc=CRHmltWsxIsAX_kYQEj&_nc_ht=scontent.fist4-1.fna&edm=AL-3X8kEAAAA&oh=00_AfAFZgTBRPpH4UI5ga53iDe6U2x2z-0SSIbIFzYxeX0uoA&oe=638F900B",
    "id": "17841401444457255"
  },
  {
    "username": "teknik_adam1",
    "website": "https://handsrehabs.com/products/free-shipping-adjustable-height-toilet-seat-bath-commode-chair-elderly-disabled-person-manual-wheelchair-moving-machane",
    "name": "Teknik Adam \ud83c\uddf9\ud83c\uddf7",
    "biography": "Elektrik \u26a1\ufe0f \nElektronik \ud83d\udd26\n\u0130n\u015faat \ud83c\udfd7 \nReklam ve i\u015fbirli\u011fi i\u00e7in DM\ud83d\udc49 @kaplan_reklam1 \n\ud83d\udc47\ud83d\udc47\ud83d\udc47\ud83d\udc47\ud83d\udc47\ud83d\udc47",
    "followers_count": 4854584,
    "media_count": 806,
    "profile_picture_url": "https://scontent.fist4-1.fna.fbcdn.net/v/t51.2885-15/175610199_298542701722721_586741639395894533_n.jpg?_nc_cat=1&ccb=1-7&_nc_sid=86c713&_nc_ohc=haHZhchs-uMAX_iXIzE&_nc_ht=scontent.fist4-1.fna&edm=AL-3X8kEAAAA&oh=00_AfCVtx4X0LynWg3o0rHVJBUJh7K8GAqin4l-c1WuyzQlbQ&oe=638FE55D",
    "id": "17841443196850445"
  },
  {
    "username": "bensusoral",
    "website": "http://idiletisim.com.tr/",
    "name": "Bensu Soral Bas\u0327",
    "biography": "\u2022 H \u2022 XXIII \u2022 \ud83d\udc06\ud83c\udf35\u2022 \ud83d\udc05\ud83c\udf34\u2022",
    "followers_count": 4829454,
    "media_count": 395,
    "profile_picture_url": "https://scontent.fist4-1.fna.fbcdn.net/v/t51.2885-15/278629791_351867126977655_7289442473307716577_n.jpg?_nc_cat=1&ccb=1-7&_nc_sid=86c713&_nc_ohc=ykrbWBiKfU0AX8PTzNv&_nc_ht=scontent.fist4-1.fna&edm=AL-3X8kEAAAA&oh=00_AfCatkszhTiJR-PtR0AjmxuNw3Np7_NpGQX9V-7fvMfARg&oe=6391345C",
    "id": "17841400657120087"
  },
  {
    "username": "pelinkarahan",
    "name": "Pelin Karahan",
    "biography": "Menajer\ud83d\udc49\ud83c\udffb ebru@ebrudemiroz.com\nDijital Projeler\u2728 alevaktas@kronosiletisim.com.tr",
    "followers_count": 4826472,
    "media_count": 1057,
    "profile_picture_url": "https://scontent.fist4-1.fna.fbcdn.net/v/t51.2885-15/10919570_891101030943674_1739506200_a.jpg?_nc_cat=1&ccb=1-7&_nc_sid=86c713&_nc_ohc=VotPQy0XT2UAX_yUyWu&_nc_ht=scontent.fist4-1.fna&edm=AL-3X8kEAAAA&oh=00_AfBWb4jVpmDfinZousGVLlEvQmVHOCZOCz9pFDUrx26riA&oe=639059CC",
    "id": "17841401782003095"
  },
  {
    "username": "ilkayguendogan",
    "name": "Ilkay G\u00fcndogan",
    "biography": "\u26bd\ufe0f @ManCity\n\ud83c\udde9\ud83c\uddea @dfb_Team\n\ud83d\udc5f @Adidas Athlete",
    "followers_count": 4840815,
    "media_count": 435,
    "profile_picture_url": "https://scontent.fist4-1.fna.fbcdn.net/v/t51.2885-15/117518847_740526143391467_6467220906756712675_n.jpg?_nc_cat=1&ccb=1-7&_nc_sid=86c713&_nc_ohc=k5Z-Ks0UHiUAX9wdcmS&_nc_ht=scontent.fist4-1.fna&edm=AL-3X8kEAAAA&oh=00_AfAwUqTWpLn0g5CbSgblZeQ0lEX2_jADcH4pPjZa8McN0w&oe=63908299",
    "id": "17841400150454236"
  },
  {
    "username": "alinaboz",
    "name": "Alina Boz",
    "biography": "Tuncay Altuno\u011flu",
    "followers_count": 4683671,
    "media_count": 310,
    "profile_picture_url": "https://scontent.fist4-1.fna.fbcdn.net/v/t51.2885-15/275199464_1574560596240150_3029211889854355212_n.jpg?_nc_cat=1&ccb=1-7&_nc_sid=86c713&_nc_ohc=XiKkDzfHs94AX80ukag&_nc_ht=scontent.fist4-1.fna&edm=AL-3X8kEAAAA&oh=00_AfBCxWiLu_EKrf0PNeshS4J_ss5fXEI0HsEsR1i0hF7yBg&oe=63905501",
    "id": "17841401312982759"
  },
  {
    "username": "melisapamuk",
    "name": "\u2022Melisa Asl\u0131 Pamuk\u2022",
    "biography": "\ud835\udc73\ud835\udc90\ud835\udc97\ud835\udc86 \ud835\udc84\ud835\udc90\ud835\udc8f\ud835\udc92\ud835\udc96\ud835\udc86\ud835\udc93\ud835\udc94 \ud835\udc82\ud835\udc8d\ud835\udc8d\n\u2022 \nMiss Turkey \u201811\nTurkey | Netherlands\nContact\u2022 cem@cemtatlitug.com",
    "followers_count": 4667074,
    "media_count": 246,
    "profile_picture_url": "https://scontent.fist4-1.fna.fbcdn.net/v/t51.2885-15/315651135_2932070893606220_6666069752715188549_n.jpg?_nc_cat=1&ccb=1-7&_nc_sid=86c713&_nc_ohc=crqT_SeEE4IAX-gxCxq&_nc_ht=scontent.fist4-1.fna&edm=AL-3X8kEAAAA&oh=00_AfAGmXE4wUJPxwZeAn_-WgliF5wSf-4TJuA1DJTmNCm-Pw&oe=639015D8",
    "id": "17841400038223519"
  },
  {
    "username": "ksalcioglu",
    "website": "http://www.kalustsalcioglu.com/",
    "name": "Kalust S\u0327alc\u0131og\u0306lu",
    "biography": "Astrolog, yazar, oyuncu\u2026\nAstrologer, author, actor\u2026\nDan\u0131\u015fmanl\u0131k ve i\u015f birli\u011fi i\u00e7in: mail@kalustsalcioglu.com",
    "followers_count": 4598506,
    "media_count": 8968,
    "profile_picture_url": "https://scontent.fist4-1.fna.fbcdn.net/v/t51.2885-15/313228814_527299662238157_6335615202215923794_n.jpg?_nc_cat=105&ccb=1-7&_nc_sid=86c713&_nc_ohc=eas1rw_yvOwAX8LfZDj&_nc_ht=scontent.fist4-1.fna&edm=AL-3X8kEAAAA&oh=00_AfByFrKIBH3Vtgks1XWj5SIVX98UTge4V05ZeMR5mVpNSg&oe=638FD244",
    "id": "17841400962612832"
  },
  {
    "username": "selincigerci",
    "website": "http://byselincigerci.com/",
    "name": "Selin Cigerci",
    "biography": "\u0130\u015f birligi\ud83d\udc49\ud83c\udffb\u260e\ufe0f +90 530 412 64 48\nFounder of @selinbeauty @selinbeautycenter @mycrownbysc",
    "followers_count": 4562023,
    "media_count": 20,
    "profile_picture_url": "https://scontent.fist4-1.fna.fbcdn.net/v/t51.2885-15/310686635_2139078216280457_3422641904948477297_n.jpg?_nc_cat=1&ccb=1-7&_nc_sid=86c713&_nc_ohc=5Y6f7f9FU-IAX9sFXBF&_nc_ht=scontent.fist4-1.fna&edm=AL-3X8kEAAAA&oh=00_AfDmfDtRCEzQHXwYwTmK8249uEn_0BCxJfrFfoRL-Puiow&oe=639067C8",
    "id": "17841400131686608"
  },
  {
    "username": "serkancayoglu",
    "name": "Serkan Cayoglu",
    "biography": "Talent Co. | info@aycakardes.com",
    "followers_count": 4559566,
    "media_count": 222,
    "profile_picture_url": "https://scontent.fist4-1.fna.fbcdn.net/v/t51.2885-15/105998088_2694894640741590_4870727342195374756_n.jpg?_nc_cat=101&ccb=1-7&_nc_sid=86c713&_nc_ohc=abdUR5ZSXSgAX-igQ3J&_nc_ht=scontent.fist4-1.fna&edm=AL-3X8kEAAAA&oh=00_AfAmmg2gr9-ukmKTXHL3fzbYpZYCh-rQTZUDmb_y694Pbw&oe=638F95A1",
    "id": "17841401127852826"
  },
  {
    "username": "aslitarcan",
    "website": "https://www.aslitarcanclinic.com/language/en/whatsapp/",
    "name": "Asli Tarcan Health Tourism",
    "biography": "\ud83d\udc8eHair Transplant\n\ud83d\udc8ePlastic Surgery\n\ud83d\udc8eDental Treatments\n\ud83d\udc47Our Contact Numbers\ud83d\udc47",
    "followers_count": 4496956,
    "media_count": 10064,
    "profile_picture_url": "https://scontent.fist4-1.fna.fbcdn.net/v/t51.2885-15/301932278_472202028086831_3627855862182460969_n.jpg?_nc_cat=1&ccb=1-7&_nc_sid=86c713&_nc_ohc=XRUOzUdp0OoAX8f7mvT&_nc_ht=scontent.fist4-1.fna&edm=AL-3X8kEAAAA&oh=00_AfAAjhA2QcO_WcItSir1XD1eGtXJpMekUOXR4029JYR5Sw&oe=6390008B",
    "id": "17841401568734855"
  },
  {
    "username": "esraerol",
    "name": "Esra EROL O\u0308ZBI\u0307R",
    "biography": "\u201cNefes ald\u0131k\u00e7a, umut hep var\u201d",
    "followers_count": 4502116,
    "media_count": 2646,
    "profile_picture_url": "https://scontent.fist4-1.fna.fbcdn.net/v/t51.2885-15/301439926_157073860308231_6421388287271514198_n.jpg?_nc_cat=1&ccb=1-7&_nc_sid=86c713&_nc_ohc=y4F46Q81i3oAX_H2ngS&_nc_ht=scontent.fist4-1.fna&edm=AL-3X8kEAAAA&oh=00_AfD9rRdBGA7JGf-dXmUcRFYlcI9mL3Jrnoh4XztyOLvwfA&oe=63911C57",
    "id": "17841401632573920"
  },
  {
    "username": "hairofistanbul",
    "website": "https://hairofistanbul.com/whatsapp",
    "biography": "Hair & Beard Transplantation\nWhatsapp:\n\ud83c\uddfa\ud83c\uddf8\ud83c\uddec\ud83c\udde7\ud83c\udde9\ud83c\uddea:+90(530)688 42 47\n\ud83c\uddeb\ud83c\uddf7+90(554)442 54 30\n\ud83c\udde7\ud83c\uddec+90(533)429 04 21\n\ud83c\udde7\ud83c\uddf7 +90(530)678 24 21\n\ud83c\uddf7\ud83c\uddfa +90 (532) 667 94 21",
    "followers_count": 4473047,
    "media_count": 1030,
    "profile_picture_url": "https://scontent.fist4-1.fna.fbcdn.net/v/t51.2885-15/293433584_107419808708641_1960816951292178381_n.jpg?_nc_cat=111&ccb=1-7&_nc_sid=86c713&_nc_ohc=n5y05C2aEscAX_lN3v2&_nc_ht=scontent.fist4-1.fna&edm=AL-3X8kEAAAA&oh=00_AfBt4L1mN_n4S1jvR1Himf5A-0fi9SfaKnmdPupTWr5Raw&oe=638FAE21",
    "id": "17841401110022175"
  },
  {
    "username": "iremhlvcioglu",
    "name": "I\u0307rem Helvac\u0131og\u0306lu",
    "biography": "Mail ileti\u015fim \ud83d\udcec sebnem@sebnemdemir.com.tr",
    "followers_count": 4413451,
    "media_count": 283,
    "profile_picture_url": "https://scontent.fist4-1.fna.fbcdn.net/v/t51.2885-15/183076024_386058775909866_1115966251739255856_n.jpg?_nc_cat=1&ccb=1-7&_nc_sid=86c713&_nc_ohc=d7ZAM-wDykQAX_y5C_E&_nc_ht=scontent.fist4-1.fna&edm=AL-3X8kEAAAA&oh=00_AfDEbhKYmb0nk-Y7g2YuozVcoICUuGJqpanEn1W6UjGqvg&oe=63901BBE",
    "id": "17841400683433462"
  },
  {
    "username": "caglasikel",
    "website": "https://youtu.be/kwlIBkoeRDE",
    "name": "C\u0327ag\u0306la S\u0327\u0131kel",
    "biography": "Resmi Instagram Hesab\u0131\nMiss Turkey \nAnne,Model,Sunucu,Sporcu,Oyuncu\ud83d\udc69\u200d\ud83d\udc66\u200d\ud83d\udc66Youtuber\u263a\ufe0f\nMenajerlik\ud83d\udc49\ud83c\udffcberna@caglasikel.com.tr\nDijital : hi@dreamedya.com",
    "followers_count": 4399320,
    "media_count": 3431,
    "profile_picture_url": "https://scontent.fist4-1.fna.fbcdn.net/v/t51.2885-15/66687296_335287600758294_2307614541489373184_n.jpg?_nc_cat=1&ccb=1-7&_nc_sid=86c713&_nc_ohc=HTLwt2GSRHYAX-BLFA1&_nc_ht=scontent.fist4-1.fna&edm=AL-3X8kEAAAA&oh=00_AfDjqAL-kyz7hxyzmyyvGf0He6ZdnsnMFfCbttczEa-BSg&oe=638F787D",
    "id": "17841401008092804"
  },
  {
    "username": "kadirdogulu",
    "website": "http://kadirdogulu.com/",
    "name": "Kadir Dog\u0306ulu",
    "biography": "talent@famelog.com\n@famelogtalent",
    "followers_count": 4312239,
    "media_count": 794,
    "profile_picture_url": "https://scontent.fist4-1.fna.fbcdn.net/v/t51.2885-15/310849250_434780428741647_6558592970800170645_n.jpg?_nc_cat=1&ccb=1-7&_nc_sid=86c713&_nc_ohc=mjCHYQbShvgAX85iImW&_nc_ht=scontent.fist4-1.fna&edm=AL-3X8kEAAAA&oh=00_AfDJHDNjwkaaYKw8tRKP7TqlHGgEmkOX_0dijdARtFc5_A&oe=63906DDE",
    "id": "17841400983520077"
  },
  {
    "username": "burcues",
    "website": "https://linktr.ee/burcues",
    "name": "burcu esmersoy",
    "biography": "Model\u26a1\ufe0fSunucu\u2728Yap\u0131mc\u0131\ud83c\udf1fYouTuber \u2b50\ufe0f co-founder @biondinastyle \nprojects\u2728 social media \u2728contacts \u2728 banu.yelkovan@gmail.com \u2728hello@prodigy-agency.com \u2728",
    "followers_count": 4292784,
    "media_count": 4319,
    "profile_picture_url": "https://scontent.fist4-1.fna.fbcdn.net/v/t51.2885-15/44184863_345034429584908_1122107622518947840_n.jpg?_nc_cat=1&ccb=1-7&_nc_sid=86c713&_nc_ohc=fDo792Xu3m4AX__W0nG&_nc_ht=scontent.fist4-1.fna&edm=AL-3X8kEAAAA&oh=00_AfDy7LLCFmm7j4Wp3ZcT_eN3PVvQ8GnrNh6CYXTdZTkrDA&oe=638FCB5D",
    "id": "17841400592260028"
  },
  {
    "username": "netflixturkiye",
    "website": "http://netflix.com",
    "name": "Netflix Tu\u0308rkiye",
    "biography": "\ud83d\udd25\ud83d\udc80",
    "followers_count": 4301399,
    "media_count": 3491,
    "profile_picture_url": "https://scontent.fist4-1.fna.fbcdn.net/v/t51.2885-15/290225591_757733345467621_6875348692340934520_n.jpg?_nc_cat=1&ccb=1-7&_nc_sid=86c713&_nc_ohc=jAxYfImVKc8AX-05Eto&_nc_oc=AQlXgTyizuAkZd9HROUAiV7T2G-hdNxGNojlEnk4bTOgVrGU_bjYexLigP_5Dj9gIBU&_nc_ht=scontent.fist4-1.fna&edm=AL-3X8kEAAAA&oh=00_AfBHd15S12OZ4qXcF05BtA37KuKIrrkNgklQ7cloKYo7hQ&oe=638FFDDB",
    "id": "17841403867616823"
  },
  {
    "username": "tolunayileyda",
    "name": "Tolunay \u0130leyda",
    "biography": "\ud83d\udce9  Sosyal Medya Reklam ve \u0130\u015fbirli\u011fi:\ntolunayileyda@infbang.com",
    "followers_count": 2281150,
    "media_count": 607,
    "profile_picture_url": "https://scontent.fist4-1.fna.fbcdn.net/v/t51.2885-15/283000608_133669702600576_5033718375638354373_n.jpg?_nc_cat=1&ccb=1-7&_nc_sid=86c713&_nc_ohc=CS98DktEHZIAX-gWucl&_nc_ht=scontent.fist4-1.fna&edm=AL-3X8kEAAAA&oh=00_AfBiFv4pYRQmDSC_1FGXvxQqDpXI6bFo2ytntZFf_Qo15w&oe=639038C1",
    "id": "17841400349985008"
  },
  {
    "username": "super.komedi",
    "website": "https://wa.me/994555728224",
    "name": "\u0130STEKLER ANLIK ONAYLANIR \ud83c\udf20",
    "biography": "Y\u00fcz\u00fcn\u00fczde bir tebess\u00fcm olu\u015fmas\u0131n\u0131 sa\u011flayacak payla\u015f\u0131mlar atmay\u0131 kendine bor\u00e7 bilen biri \ud83d\ude43\n\ud83c\udfafTan\u0131t\u0131m ve Telif Haklar\u0131(For Copyrights) \ud83d\udc47\ud83c\udffb",
    "followers_count": 2268200,
    "media_count": 1217,
    "profile_picture_url": "https://scontent.fist4-1.fna.fbcdn.net/v/t51.2885-15/133641936_133892185208251_2087948564796639045_n.jpg?_nc_cat=1&ccb=1-7&_nc_sid=86c713&_nc_ohc=4eA3uymZuWgAX8VBh49&_nc_ht=scontent.fist4-1.fna&edm=AL-3X8kEAAAA&oh=00_AfA_YN-VjHHO_JqJDRt3uTBBMsKMZPQ9ja4bqNXc44Qyrg&oe=638FD7AF",
    "id": "17841400342297879"
  },
  {
    "username": "zehragns18",
    "website": "https://vsco.co/zehraggunes",
    "name": "Zehra G\u00fcne\u015f",
    "biography": "@vakifbanksk | @tvforgtr\n@nike\nManagement: @shiningstarsglobal \nPR: zehra@momentumistanbul.com",
    "followers_count": 2298050,
    "media_count": 177,
    "profile_picture_url": "https://scontent.fist4-1.fna.fbcdn.net/v/t51.2885-15/274743626_115875351024055_3758236697838911887_n.jpg?_nc_cat=1&ccb=1-7&_nc_sid=86c713&_nc_ohc=xqc80TzXa1YAX_By2Tv&_nc_ht=scontent.fist4-1.fna&edm=AL-3X8kEAAAA&oh=00_AfBLdHSMMa_zcQ1BeXms8tzKWb2u6ijaTcmkbIKj5H-EuA&oe=63907B09",
    "id": "17841407262833789"
  },
  {
    "username": "haticekubratongar",
    "website": "https://haticekubratongarkitaplari.com/product/detail/ceyiz",
    "name": "Hatice Ku\u0308bra Tongar",
    "biography": "\u270d\ud83c\udffbN\u00f6robilim, PhD.\n\ud83d\udc68\u200d\ud83d\udc69\u200d\ud83d\udc67\u200d\ud83d\udc66Uzm.Aile Dan\u0131s\u0327man\u0131\n\u00c7EY\u0130Z K\u0130TABI \u0130\u00c7\u0130N\u2b07\ufe0f",
    "followers_count": 2259509,
    "media_count": 5180,
    "profile_picture_url": "https://scontent.fist4-1.fna.fbcdn.net/v/t51.2885-15/309960865_422696163278850_401555145959825889_n.jpg?_nc_cat=1&ccb=1-7&_nc_sid=86c713&_nc_ohc=Jixasx1WEJIAX_bugaj&_nc_ht=scontent.fist4-1.fna&edm=AL-3X8kEAAAA&oh=00_AfBed7UUkv0sYyZVc6WqJBcXjsBzKYoAwpTm3qpvb5VhTA&oe=63913D59",
    "id": "17841401928877207"
  },
  {
    "username": "omertubaliya",
    "name": "TU\u011eBA \ud83d\udc8e",
    "biography": "info@tdiletisim.com",
    "followers_count": 2249487,
    "media_count": 767,
    "profile_picture_url": "https://scontent.fist4-1.fna.fbcdn.net/v/t51.2885-15/316176426_437858161677482_9002132047216383511_n.jpg?_nc_cat=1&ccb=1-7&_nc_sid=86c713&_nc_ohc=2cgiXHgtx30AX_pkam9&_nc_ht=scontent.fist4-1.fna&edm=AL-3X8kEAAAA&oh=00_AfBKrHNPrlhKHJMIIL6p0mPEZS5OQefxf9AExiJD7G7CeQ&oe=63904927",
    "id": "17841400654208264"
  },
  {
    "username": "ozgeulusoy",
    "website": "http://www.ozgeulusoy.com/",
    "name": "O\u0308ZGECAN",
    "biography": "Ballerina-Miss Turkey Universe\ud83d\udc51-Model-Tv Host-Actress-My life my journey\ud83d\udc93\ud83c\udf40  Iletis\u0327im\ud83d\udc47\ud83c\udffb\ud83d\udc49\ud83c\udffbmine@mikailetisim.com @minekayakiran\n#model #tvpresenter",
    "followers_count": 2237318,
    "media_count": 6166,
    "profile_picture_url": "https://scontent.fist4-1.fna.fbcdn.net/v/t51.2885-15/70780279_375843550014325_2718410665655009280_n.jpg?_nc_cat=105&ccb=1-7&_nc_sid=86c713&_nc_ohc=UJn2XRGDSPIAX-Mh58g&_nc_ht=scontent.fist4-1.fna&edm=AL-3X8kEAAAA&oh=00_AfDodV3_fffT-qP7O-yBT4HmcFUCHqR0iUbMmKNeldlZ_A&oe=6390FDBC",
    "id": "17841401544910013"
  },
  {
    "username": "berguzarkorel",
    "website": "https://www.imdb.com/name/nm1868654/",
    "name": "Berguzar Korel",
    "biography": "Menek\u015feli sok no 12 Levent/\u0130stanbul",
    "followers_count": 2251768,
    "media_count": 1692,
    "profile_picture_url": "https://scontent.fist4-1.fna.fbcdn.net/v/t51.2885-15/54513042_310334426298768_4894932295485489152_n.jpg?_nc_cat=1&ccb=1-7&_nc_sid=86c713&_nc_ohc=R4YnK1gq64sAX8RqRMg&_nc_ht=scontent.fist4-1.fna&edm=AL-3X8kEAAAA&oh=00_AfDv4IjrIKopHCuYCQX52GdCorvtMQZ0UMbMtGl-IQgC5g&oe=63901AAA",
    "id": "17841400398790786"
  },
  {
    "username": "karaca",
    "website": "https://linktr.ee/KaracaOnline",
    "name": "Karaca",
    "biography": "Baz\u0131 hediyelerin yeri ba\u015fka, di\u011fer t\u00fcm hediyeler i\u00e7in #Karaca\u2764\ufe0f",
    "followers_count": 2269172,
    "media_count": 2639,
    "profile_picture_url": "https://scontent.fist4-1.fna.fbcdn.net/v/t51.2885-15/288603681_1357464964741449_4035322250574529297_n.jpg?_nc_cat=1&ccb=1-7&_nc_sid=86c713&_nc_ohc=S-tCeYYZLgcAX_oIV3a&_nc_ht=scontent.fist4-1.fna&edm=AL-3X8kEAAAA&oh=00_AfAuHhaxnojXw5GprGGVfFvpj02O_RnXFRjVk1JuBKPXQA&oe=639131FA",
    "id": "17841401874674162"
  },
  {
    "username": "aleyna_dalveren",
    "name": "Aleyna Dalveren 49 \ud83e\uddff",
    "biography": "@hanibanacom\n@xalycosmetic \n\u0130\u015f birli\u011fi \ud83d\udc47\n\ud83d\udce9aleynadalveren@icloud.com",
    "followers_count": 2315159,
    "media_count": 423,
    "profile_picture_url": "https://scontent.fist4-1.fna.fbcdn.net/v/t51.2885-15/307489199_335801655376335_6062658034184604661_n.jpg?_nc_cat=1&ccb=1-7&_nc_sid=86c713&_nc_ohc=UhniuySGQUQAX_tyAQG&_nc_ht=scontent.fist4-1.fna&edm=AL-3X8kEAAAA&oh=00_AfDxrv8XXz7V0sdhxREgpOf0y_bPqwl6D4QM9HN5k4Lagw&oe=638F7DB3",
    "id": "17841400647019889"
  },
  {
    "username": "ozlemgezginn",
    "name": "O\u0308zlem Gezgin",
    "followers_count": 2218849,
    "media_count": 138,
    "profile_picture_url": "https://scontent.fist4-1.fna.fbcdn.net/v/t51.2885-15/290632131_7595118387225642_7926672973813570687_n.jpg?_nc_cat=104&ccb=1-7&_nc_sid=86c713&_nc_ohc=hTB1kRYV2q0AX_52I2U&_nc_ht=scontent.fist4-1.fna&edm=AL-3X8kEAAAA&oh=00_AfAjZDO_VED6pCLUdPA2aPiyGOaTXbg9edS5auMvjJMukA&oe=639163F6",
    "id": "17841400399754900"
  },
  {
    "username": "aaydasss",
    "name": "\ud835\udc00\ud835\udc32\ud835\udc1d\ud835\udc1a\ud835\udc2c",
    "biography": "aydas@dijitalasansor.com\n\ud83c\udf1f TikTok : 14M\nUAE\ud83d\udccdTurkey",
    "followers_count": 2419128,
    "media_count": 237,
    "profile_picture_url": "https://scontent.fist4-1.fna.fbcdn.net/v/t51.2885-15/312108892_802817940988894_3764610946534630470_n.jpg?_nc_cat=1&ccb=1-7&_nc_sid=86c713&_nc_ohc=KeAlArHW6GMAX-4RwiY&_nc_ht=scontent.fist4-1.fna&edm=AL-3X8kEAAAA&oh=00_AfDOfPDpxVhukKWCrU4dHYaGCT8TYQESSnWBsQQ7VIKXUQ&oe=63907B8C",
    "id": "17841408185308111"
  },
  {
    "username": "interestingengineering",
    "website": "https://linkin.bio/interestingengineering",
    "name": "Interesting Engineering",
    "biography": "IE uses innovative storytelling to highlight the enthralling inner workings of the latest scientific breakthroughs and technological innovations.",
    "followers_count": 2206562,
    "media_count": 10000,
    "profile_picture_url": "https://scontent.fist4-1.fna.fbcdn.net/v/t51.2885-15/247946208_540743810707339_87910175772411190_n.jpg?_nc_cat=1&ccb=1-7&_nc_sid=86c713&_nc_ohc=sIkSl5BE3BsAX9iDHy2&_nc_ht=scontent.fist4-1.fna&edm=AL-3X8kEAAAA&oh=00_AfB4kXEn_KkTMx6b3US22bmuIGKrKfA1OZp5GAHQyLumPQ&oe=6390D319",
    "id": "17841401835943202"
  },
  {
    "username": "neff_el",
    "website": "http://www.nefelbulut.com/",
    "name": "Nefel Bulut YEMEK OKULU\ud83d\ude0d",
    "biography": "Marka,u\u0308ru\u0308n tan\u0131t\u0131m\u0131 ic\u0327in dm\nTIKLAYIN\ud83d\ude09\u0649\u0627 \u062d\u0627\u0641\u0638  \n#yemek #tarif #sunum #tatl\u0131 \nDetayli tarif anlat\u0131mlar\u0131m ic\u0327im t\u0131klay\u0131n",
    "followers_count": 2195490,
    "media_count": 2226,
    "profile_picture_url": "https://scontent.fist4-1.fna.fbcdn.net/v/t51.2885-15/25014902_1787072354637917_9151090455977394176_n.jpg?_nc_cat=1&ccb=1-7&_nc_sid=86c713&_nc_ohc=TMpD63StCF8AX8jD6sr&_nc_oc=AQmmhleiXHygOrCDDeMqUHzbbBMm0zdK0SUweoVKlcElEv9Dxt4V0Xt57CtS-xtGsmU&_nc_ht=scontent.fist4-1.fna&edm=AL-3X8kEAAAA&oh=00_AfA6W4Y0m6o8UMgZDofYzaE2uDiRqoapX2HxWi9TC3GabQ&oe=638F83CF",
    "id": "17841401734279023"
  },
  {
    "username": "ceydakasabali",
    "website": "http://www.youtube.com/noluyoyaa/",
    "name": "Ceyda Kasabal\u0131 Albayram",
    "biography": "Kocaeli \u00dcniversitesi G\u00fczel Sanatlar Fak\u00fcltesi /Sahne Sanatlar\u0131 \nig isbirlikleri icin : \nceydakasabali@socialand.com.tr",
    "followers_count": 2204495,
    "media_count": 621,
    "profile_picture_url": "https://scontent.fist4-1.fna.fbcdn.net/v/t51.2885-15/58453901_1916986685072509_8438330183550763008_n.jpg?_nc_cat=1&ccb=1-7&_nc_sid=86c713&_nc_ohc=kQAKQAzLdOsAX8PRb3j&_nc_ht=scontent.fist4-1.fna&edm=AL-3X8kEAAAA&oh=00_AfCyHpIMH9PutlUzP8-UaGEZM0kNZ_LmZbC3BoFBnrz6uA&oe=638FCBD6",
    "id": "17841401499610248"
  },
  {
    "username": "tolgahansayisman",
    "website": "http://tolgahansayisman.com/",
    "name": "Tolgahan Say\u0131s\u0327man",
    "biography": "\ud835\udc6a\ud835\udc86\ud835\udc90 / \ud835\udc87\ud835\udc90\ud835\udc96\ud835\udc8f\ud835\udc85\ud835\udc86\ud835\udc93\n@hanmedyapim \ud83c\udfa5 \ud83c\udfac \nBusiness Contact: info@tolgahansayisman.com",
    "followers_count": 2201720,
    "media_count": 342,
    "profile_picture_url": "https://scontent.fist4-1.fna.fbcdn.net/v/t51.2885-15/23421467_2046349768942624_4541428737240989696_n.jpg?_nc_cat=104&ccb=1-7&_nc_sid=86c713&_nc_ohc=uzdjxqtY_zAAX-IA0OA&_nc_ht=scontent.fist4-1.fna&edm=AL-3X8kEAAAA&oh=00_AfDslI7wbWwHkSIcyz2YrSSSYlFhfyad8JRCfX92QvO_iQ&oe=639045E6",
    "id": "17841400061080043"
  },
  {
    "username": "kadinca_videolar",
    "website": "https://wa.me/994555728224",
    "name": "Kad\u0131nlar i\u00e7in her \u015fey \ud83d\udc83 \ud83d\udc85\ud83c\udffd",
    "biography": "Kald\u0131r\u0131lmas\u0131n\u0131 istedi\u011finiz videolar i\u00e7in mesaj atabilirsiniz\ud83d\ude4f\ud83c\udffb\n\ud83c\udfafTan\u0131t\u0131m ve Telif Haklar\u0131(For Copyrights) \ud83d\udc47\ud83c\udffb",
    "followers_count": 2165860,
    "media_count": 67,
    "profile_picture_url": "https://scontent.fist4-1.fna.fbcdn.net/v/t51.2885-15/133892589_204050911378348_6635785738725673054_n.jpg?_nc_cat=1&ccb=1-7&_nc_sid=86c713&_nc_ohc=mXPlwW1BZQwAX-Bhx-7&_nc_ht=scontent.fist4-1.fna&edm=AL-3X8kEAAAA&oh=00_AfDmif4lSScdk2W7_mmevCzTpAAaYyNxP1R_VXH-7k7nvA&oe=6390C109",
    "id": "17841400472823457"
  },
  {
    "username": "sinemunsal",
    "name": "Sinem U\u0308nsal",
    "biography": "Contact @meltemkaraata",
    "followers_count": 2158178,
    "media_count": 304,
    "profile_picture_url": "https://scontent.fist4-1.fna.fbcdn.net/v/t51.2885-15/120601495_369115567449878_2410187656113998688_n.jpg?_nc_cat=103&ccb=1-7&_nc_sid=86c713&_nc_ohc=bTZZHjtx0R8AX8JVbIu&_nc_ht=scontent.fist4-1.fna&edm=AL-3X8kEAAAA&oh=00_AfDio80T8zrMZd7RwNk8Gtk50n_AdVyefdCbWWMSX2yvmA&oe=638FFC95",
    "id": "17841400287315866"
  },
  {
    "username": "yavuzmerve19",
    "name": "MERVE KORKUT",
    "biography": "Official account\ninfo@tdiletisim.com",
    "followers_count": 2159729,
    "media_count": 390,
    "profile_picture_url": "https://scontent.fist4-1.fna.fbcdn.net/v/t51.2885-15/310404626_1198335687746547_861010766456550779_n.jpg?_nc_cat=1&ccb=1-7&_nc_sid=86c713&_nc_ohc=LNq3yxrMl10AX-1Fatn&_nc_ht=scontent.fist4-1.fna&edm=AL-3X8kEAAAA&oh=00_AfBbSVrsqi7ok3guwA0SovAangtFMoxoLeo1uOc7EKDsOQ&oe=6390F545",
    "id": "17841401425589926"
  },
  {
    "username": "selcukbuyuk",
    "website": "http://youtube.com/selcukbuyuk/",
    "name": "Selc\u0327uk Bu\u0308yu\u0308k",
    "biography": "\u2022 \ua730\u1d0f\u1d1c\u0274\u1d05\u1d07\u0280 \u1d0f\ua730 @sboyky \n\u2022 s\u1d07\u029f\u1d04\u1d1c\u1d0b\u0299\u1d1c\u028f\u1d1c\u1d0b\u1d0d\u1d07\u1d05\u028f\u1d00@\u0262\u1d0d\u1d00\u026a\u0307\u029f.\u1d04\u1d0f\u1d0d",
    "followers_count": 2156580,
    "media_count": 363,
    "profile_picture_url": "https://scontent.fist4-1.fna.fbcdn.net/v/t51.2885-15/150705695_416470299415783_6891400134468628140_n.jpg?_nc_cat=1&ccb=1-7&_nc_sid=86c713&_nc_ohc=Pb5FEgIazfkAX9mXKhP&_nc_ht=scontent.fist4-1.fna&edm=AL-3X8kEAAAA&oh=00_AfBtchRX0pxyoFpXzo8REhBNCmG5Ma0cstIhnsDY2_d6IQ&oe=63906C36",
    "id": "17841400565990133"
  },
  {
    "username": "ceyhancihangir",
    "name": "Cihangir Ceyhan",
    "biography": "@personamenajerlik",
    "followers_count": 2155286,
    "media_count": 104,
    "profile_picture_url": "https://scontent.fist4-1.fna.fbcdn.net/v/t51.2885-15/95296133_550123379221368_1198792910674329600_n.jpg?_nc_cat=1&ccb=1-7&_nc_sid=86c713&_nc_ohc=lyW5URnhHEEAX9aFJmo&_nc_ht=scontent.fist4-1.fna&edm=AL-3X8kEAAAA&oh=00_AfCmGKeGv3wBzjcYIEpehlkeUC_IWpcc-yqV6uoosKO-QA&oe=639139FD",
    "id": "17841401581322620"
  }
]
